per,srv,est,num,den
Dic 2021,Desarrollo Infantil Integral,0.498857,143623,287904
Dic 2021,Personas adultas mayores,0.67231,81611,121389
Dic 2021,Personas con discapacidad,0.696829,24088,34568
Dic 2022,Desarrollo Infantil Integral,0.657233,192257,292525
Dic 2022,Personas adultas mayores,0.727795,82457,113297
Dic 2022,Personas con discapacidad,0.710886,24163,33990
Dic 2023,Desarrollo Infantil Integral,0.681846,187648,275206
Dic 2023,Personas adultas mayores,0.747146,81146,108608
Dic 2023,Personas con discapacidad,0.720879,24724,34297
Dic 2024,Desarrollo Infantil Integral,0.743298,214868,289074
Dic 2024,Personas adultas mayores,0.757924,84263,111176
Dic 2024,Personas con discapacidad,0.731051,25415,34765
Mar 2025,Desarrollo Infantil Integral,0.770278,220626,286424
Mar 2025,Personas adultas mayores,0.757838,81413,107428
Mar 2025,Personas con discapacidad,0.728349,25112,34478
Jun 2025,Desarrollo Infantil Integral,0.785613,225570,287126
Jun 2025,Personas adultas mayores,0.763804,85320,111704
Jun 2025,Personas con discapacidad,0.737559,25597,34705
Sep 2025,Desarrollo Infantil Integral,0.797691,223276,279903
Sep 2025,Personas adultas mayores,0.749575,83678,111634
Sep 2025,Personas con discapacidad,0.729926,25962,35568
Dic 2025,Desarrollo Infantil Integral,0.795013,211181,265632
Dic 2025,Personas adultas mayores,0.768466,85840,111703
Dic 2025,Personas con discapacidad,0.740653,26822,36214
Mar 2026,Desarrollo Infantil Integral,0.759185,217177,286066
Mar 2026,Personas adultas mayores,0.765989,84952,110905
Mar 2026,Personas con discapacidad,0.738188,26123,35388
Jun 2026,Desarrollo Infantil Integral,0.701315,199827,284932
Jun 2026,Personas adultas mayores,0.758864,86172,113554
Jun 2026,Personas con discapacidad,0.737353,27066,36707
