per,sexo,est,num,den
Dic 2021,Hombre,0.559705,116112,207452
Dic 2021,Mujer,0.563473,133210,236409
Dic 2022,Hombre,0.658631,126851,192598
Dic 2022,Mujer,0.695859,172026,247214
Dic 2023,Hombre,0.697893,134186,192273
Dic 2023,Mujer,0.705515,159332,225838
Dic 2024,Hombre,0.731798,140642,192187
Dic 2024,Mujer,0.757343,183904,242828
Mar 2025,Hombre,0.749924,141099,188151
Mar 2025,Mujer,0.774639,186052,240179
Jun 2025,Hombre,0.763236,145069,190071
Jun 2025,Mujer,0.786227,191418,243464
Sep 2025,Hombre,0.76815,142763,185853
Sep 2025,Mujer,0.788192,190153,241252
Dic 2025,Hombre,0.779927,146921,188378
Dic 2025,Mujer,0.785723,176922,225171
Mar 2026,Hombre,0.745947,141841,190149
Mar 2026,Mujer,0.769626,186411,242210
Jun 2026,Hombre,0.700325,133330,190383
Jun 2026,Mujer,0.734182,179735,244810
