per,area,est,num,den
Dic 2021,Nacional,0.561712,249322,443861
Dic 2021,Rural,0.643821,116189,180468
Dic 2021,Urbano,0.505454,133133,263393
Dic 2022,Nacional,0.679556,298877,439812
Dic 2022,Rural,0.74987,129378,172534
Dic 2022,Urbano,0.634167,169499,267278
Dic 2023,Nacional,0.70201,293518,418111
Dic 2023,Rural,0.778848,130950,168133
Dic 2023,Urbano,0.650329,162568,249978
Dic 2024,Nacional,0.746057,324546,435015
Dic 2024,Rural,0.804927,137463,170777
Dic 2024,Urbano,0.708009,187083,264238
Mar 2025,Nacional,0.763783,327151,428330
Mar 2025,Rural,0.813968,137865,169374
Mar 2025,Urbano,0.730958,189286,258956
Jun 2025,Nacional,0.776147,336487,433535
Jun 2025,Rural,0.822572,141234,171698
Jun 2025,Urbano,0.745704,195253,261837
Sep 2025,Nacional,0.779471,332916,427105
Sep 2025,Rural,0.82272,138491,168333
Sep 2025,Urbano,0.751337,194425,258772
Dic 2025,Nacional,0.783083,323843,413549
Dic 2025,Rural,0.833062,140361,168488
Dic 2025,Urbano,0.74872,183482,245061
Mar 2026,Nacional,0.759212,328252,432359
Mar 2026,Rural,0.804067,138519,172273
Mar 2026,Urbano,0.729501,189733,260086
Jun 2026,Nacional,0.71937,313065,435193
Jun 2026,Rural,0.767893,132943,173127
Jun 2026,Urbano,0.687315,180122,262066
