indicador_id,periodo,tipo_periodo,dimension,categoria,valor,cv_pct,li,ls,n_muestral,ingreso_hombres,ingreso_mujeres,fuente,nota
empleo-adecuado,2018,anual,sexo,Hombre,47.1442,,,,,,,INEC · ENEMDU Anual Acumulada (cálculo MTDH),
empleo-adecuado,2018,anual,sexo,Mujer,30.9346,,,,,,,INEC · ENEMDU Anual Acumulada (cálculo MTDH),
empleo-adecuado,2018,anual,area,Urbano,49.2906,0.47,48.8319,49.7493,,,,INEC · ENEMDU Anual Acumulada (cálculo MTDH),
empleo-adecuado,2018,anual,area,Rural,22.538,1.45,21.8974,23.1785,,,,INEC · ENEMDU Anual Acumulada (cálculo MTDH),
empleo-adecuado,2018,anual,provincia,Azuay,43.2092,1.89,41.607,44.8115,,,,INEC · ENEMDU Anual Acumulada (cálculo MTDH),
empleo-adecuado,2018,anual,provincia,Bolívar,23.0391,6.21,20.2341,25.8441,,,,INEC · ENEMDU Anual Acumulada (cálculo MTDH),
empleo-adecuado,2018,anual,provincia,Cañar,29.9216,4.12,27.5049,32.3384,,,,INEC · ENEMDU Anual Acumulada (cálculo MTDH),
empleo-adecuado,2018,anual,provincia,Carchi,34.261,4.45,31.2704,37.2516,,,,INEC · ENEMDU Anual Acumulada (cálculo MTDH),
empleo-adecuado,2018,anual,provincia,Cotopaxi,28.3366,3.55,26.3655,30.3076,,,,INEC · ENEMDU Anual Acumulada (cálculo MTDH),
empleo-adecuado,2018,anual,provincia,Chimborazo,20.3332,4.95,18.36,22.3064,,,,INEC · ENEMDU Anual Acumulada (cálculo MTDH),
empleo-adecuado,2018,anual,provincia,El Oro,45.7992,1.66,44.312,47.2865,,,,INEC · ENEMDU Anual Acumulada (cálculo MTDH),
empleo-adecuado,2018,anual,provincia,Esmeraldas,30.1181,3.22,28.2174,32.0189,,,,INEC · ENEMDU Anual Acumulada (cálculo MTDH),
empleo-adecuado,2018,anual,provincia,Guayas,45.7083,0.86,44.9354,46.4812,,,,INEC · ENEMDU Anual Acumulada (cálculo MTDH),
empleo-adecuado,2018,anual,provincia,Imbabura,34.2016,3.44,31.8949,36.5082,,,,INEC · ENEMDU Anual Acumulada (cálculo MTDH),
empleo-adecuado,2018,anual,provincia,Loja,28.1474,3.86,26.0158,30.279,,,,INEC · ENEMDU Anual Acumulada (cálculo MTDH),
empleo-adecuado,2018,anual,provincia,Los Ríos,31.714,2.64,30.0716,33.3565,,,,INEC · ENEMDU Anual Acumulada (cálculo MTDH),
empleo-adecuado,2018,anual,provincia,Manabí,33.0582,2.68,31.3187,34.7977,,,,INEC · ENEMDU Anual Acumulada (cálculo MTDH),
empleo-adecuado,2018,anual,provincia,Morona Santiago,19.0908,6.88,16.5175,21.6642,,,,INEC · ENEMDU Anual Acumulada (cálculo MTDH),
empleo-adecuado,2018,anual,provincia,Napo,20.0555,8.72,16.6287,23.4823,,,,INEC · ENEMDU Anual Acumulada (cálculo MTDH),
empleo-adecuado,2018,anual,provincia,Pastaza,27.1802,6.17,23.8931,30.4674,,,,INEC · ENEMDU Anual Acumulada (cálculo MTDH),
empleo-adecuado,2018,anual,provincia,Pichincha,57.7639,0.8,56.8536,58.6743,,,,INEC · ENEMDU Anual Acumulada (cálculo MTDH),
empleo-adecuado,2018,anual,provincia,Tungurahua,33.4677,1.96,32.1818,34.7536,,,,INEC · ENEMDU Anual Acumulada (cálculo MTDH),
empleo-adecuado,2018,anual,provincia,Zamora Chinchipe,28.1963,6.42,24.6478,31.7447,,,,INEC · ENEMDU Anual Acumulada (cálculo MTDH),
empleo-adecuado,2018,anual,provincia,Galápagos,67.2202,2.28,64.2166,70.2238,,,,INEC · ENEMDU Anual Acumulada (cálculo MTDH),
empleo-adecuado,2018,anual,provincia,Sucumbíos,31.5058,7.54,26.8523,36.1593,,,,INEC · ENEMDU Anual Acumulada (cálculo MTDH),
empleo-adecuado,2018,anual,provincia,Orellana,21.3541,13.07,15.8812,26.8269,,,,INEC · ENEMDU Anual Acumulada (cálculo MTDH),
empleo-adecuado,2018,anual,provincia,Santo Domingo,38.7915,3.37,36.2307,41.3523,,,,INEC · ENEMDU Anual Acumulada (cálculo MTDH),
empleo-adecuado,2018,anual,provincia,Santa Elena,34.9923,3.35,32.6972,37.2873,,,,INEC · ENEMDU Anual Acumulada (cálculo MTDH),
empleo-adecuado,2019,anual,sexo,Hombre,45.151,,,,,,,INEC · ENEMDU Anual Acumulada (cálculo MTDH),
empleo-adecuado,2019,anual,sexo,Mujer,29.444,,,,,,,INEC · ENEMDU Anual Acumulada (cálculo MTDH),
empleo-adecuado,2019,anual,area,Urbano,47.4073,0.54,46.9017,47.9128,,,,INEC · ENEMDU Anual Acumulada (cálculo MTDH),
empleo-adecuado,2019,anual,area,Rural,20.9402,1.59,20.2863,21.5941,,,,INEC · ENEMDU Anual Acumulada (cálculo MTDH),
empleo-adecuado,2019,anual,provincia,Azuay,44.2032,1.77,42.6736,45.7328,,,,INEC · ENEMDU Anual Acumulada (cálculo MTDH),
empleo-adecuado,2019,anual,provincia,Bolívar,20.9486,6.35,18.3392,23.558,,,,INEC · ENEMDU Anual Acumulada (cálculo MTDH),
empleo-adecuado,2019,anual,provincia,Cañar,30.901,4.03,28.4629,33.3391,,,,INEC · ENEMDU Anual Acumulada (cálculo MTDH),
empleo-adecuado,2019,anual,provincia,Carchi,28.6684,5.19,25.753,31.5839,,,,INEC · ENEMDU Anual Acumulada (cálculo MTDH),
empleo-adecuado,2019,anual,provincia,Cotopaxi,26.2349,4.1,24.1289,28.3408,,,,INEC · ENEMDU Anual Acumulada (cálculo MTDH),
empleo-adecuado,2019,anual,provincia,Chimborazo,19.2964,4.76,17.4957,21.0971,,,,INEC · ENEMDU Anual Acumulada (cálculo MTDH),
empleo-adecuado,2019,anual,provincia,El Oro,47.1933,1.74,45.5819,48.8047,,,,INEC · ENEMDU Anual Acumulada (cálculo MTDH),
empleo-adecuado,2019,anual,provincia,Esmeraldas,23.9762,4.03,22.0838,25.8685,,,,INEC · ENEMDU Anual Acumulada (cálculo MTDH),
empleo-adecuado,2019,anual,provincia,Guayas,45.0418,0.97,44.1825,45.901,,,,INEC · ENEMDU Anual Acumulada (cálculo MTDH),
empleo-adecuado,2019,anual,provincia,Imbabura,31.5554,5.18,28.3528,34.7579,,,,INEC · ENEMDU Anual Acumulada (cálculo MTDH),
empleo-adecuado,2019,anual,provincia,Loja,26.9232,3.84,24.8971,28.9492,,,,INEC · ENEMDU Anual Acumulada (cálculo MTDH),
empleo-adecuado,2019,anual,provincia,Los Ríos,31.9387,2.83,30.1682,33.7092,,,,INEC · ENEMDU Anual Acumulada (cálculo MTDH),
empleo-adecuado,2019,anual,provincia,Manabí,30.0774,2.81,28.4214,31.7334,,,,INEC · ENEMDU Anual Acumulada (cálculo MTDH),
empleo-adecuado,2019,anual,provincia,Morona Santiago,15.6891,8.13,13.1902,18.188,,,,INEC · ENEMDU Anual Acumulada (cálculo MTDH),
empleo-adecuado,2019,anual,provincia,Napo,18.8999,11.69,14.5685,23.2313,,,,INEC · ENEMDU Anual Acumulada (cálculo MTDH),
empleo-adecuado,2019,anual,provincia,Pastaza,22.4008,9.34,18.2986,26.503,,,,INEC · ENEMDU Anual Acumulada (cálculo MTDH),
empleo-adecuado,2019,anual,provincia,Pichincha,53.0439,0.96,52.0425,54.0453,,,,INEC · ENEMDU Anual Acumulada (cálculo MTDH),
empleo-adecuado,2019,anual,provincia,Tungurahua,32.8909,1.99,31.6063,34.1755,,,,INEC · ENEMDU Anual Acumulada (cálculo MTDH),
empleo-adecuado,2019,anual,provincia,Zamora Chinchipe,27.4315,7.94,23.1632,31.6998,,,,INEC · ENEMDU Anual Acumulada (cálculo MTDH),
empleo-adecuado,2019,anual,provincia,Galápagos,65.1709,2.11,62.4712,67.8707,,,,INEC · ENEMDU Anual Acumulada (cálculo MTDH),
empleo-adecuado,2019,anual,provincia,Sucumbíos,27.1305,7.7,23.0332,31.2277,,,,INEC · ENEMDU Anual Acumulada (cálculo MTDH),
empleo-adecuado,2019,anual,provincia,Orellana,20.3002,16.66,13.6716,26.9288,,,,INEC · ENEMDU Anual Acumulada (cálculo MTDH),CV > 15 %: estimación referencial
empleo-adecuado,2019,anual,provincia,Santo Domingo,37.2292,3.45,34.7105,39.748,,,,INEC · ENEMDU Anual Acumulada (cálculo MTDH),
empleo-adecuado,2019,anual,provincia,Santa Elena,33.9326,3.88,31.3489,36.5163,,,,INEC · ENEMDU Anual Acumulada (cálculo MTDH),
empleo-adecuado,2021,anual,sexo,Hombre,37.7819,,,,,,,INEC · ENEMDU Anual Acumulada (cálculo MTDH),
empleo-adecuado,2021,anual,sexo,Mujer,25.5184,,,,,,,INEC · ENEMDU Anual Acumulada (cálculo MTDH),
empleo-adecuado,2021,anual,area,Urbano,39.8228,1.03,39.0216,40.6239,,,,INEC · ENEMDU Anual Acumulada (cálculo MTDH),
empleo-adecuado,2021,anual,area,Rural,18.7254,3.09,17.5914,19.8593,,,,INEC · ENEMDU Anual Acumulada (cálculo MTDH),
empleo-adecuado,2021,anual,provincia,Azuay,38.7942,3.5,36.1316,41.4567,,,,INEC · ENEMDU Anual Acumulada (cálculo MTDH),
empleo-adecuado,2021,anual,provincia,Bolívar,16.9962,7.84,14.3825,19.6099,,,,INEC · ENEMDU Anual Acumulada (cálculo MTDH),
empleo-adecuado,2021,anual,provincia,Cañar,26.7756,6.76,23.2266,30.3246,,,,INEC · ENEMDU Anual Acumulada (cálculo MTDH),
empleo-adecuado,2021,anual,provincia,Carchi,24.7325,6.13,21.7613,27.7037,,,,INEC · ENEMDU Anual Acumulada (cálculo MTDH),
empleo-adecuado,2021,anual,provincia,Cotopaxi,25.5583,7.72,21.6898,29.4268,,,,INEC · ENEMDU Anual Acumulada (cálculo MTDH),
empleo-adecuado,2021,anual,provincia,Chimborazo,16.138,10.58,12.7908,19.4851,,,,INEC · ENEMDU Anual Acumulada (cálculo MTDH),
empleo-adecuado,2021,anual,provincia,El Oro,37.2051,3.13,34.9252,39.4849,,,,INEC · ENEMDU Anual Acumulada (cálculo MTDH),
empleo-adecuado,2021,anual,provincia,Esmeraldas,21.7381,4.04,20.015,23.4612,,,,INEC · ENEMDU Anual Acumulada (cálculo MTDH),
empleo-adecuado,2021,anual,provincia,Guayas,37.4412,2.34,35.726,39.1563,,,,INEC · ENEMDU Anual Acumulada (cálculo MTDH),
empleo-adecuado,2021,anual,provincia,Imbabura,30.1004,4.26,27.5846,32.6161,,,,INEC · ENEMDU Anual Acumulada (cálculo MTDH),
empleo-adecuado,2021,anual,provincia,Loja,25.9551,6.12,22.8406,29.0696,,,,INEC · ENEMDU Anual Acumulada (cálculo MTDH),
empleo-adecuado,2021,anual,provincia,Los Ríos,28.6026,5.46,25.5429,31.6623,,,,INEC · ENEMDU Anual Acumulada (cálculo MTDH),
empleo-adecuado,2021,anual,provincia,Manabí,26.8554,7.14,23.0982,30.6127,,,,INEC · ENEMDU Anual Acumulada (cálculo MTDH),
empleo-adecuado,2021,anual,provincia,Morona Santiago,13.8995,17.23,9.2052,18.5938,,,,INEC · ENEMDU Anual Acumulada (cálculo MTDH),CV > 15 %: estimación referencial
empleo-adecuado,2021,anual,provincia,Napo,14.1859,10.11,11.3741,16.9976,,,,INEC · ENEMDU Anual Acumulada (cálculo MTDH),
empleo-adecuado,2021,anual,provincia,Pastaza,18.8948,13.18,14.0118,23.7777,,,,INEC · ENEMDU Anual Acumulada (cálculo MTDH),
empleo-adecuado,2021,anual,provincia,Pichincha,43.5572,1.46,42.3107,44.8037,,,,INEC · ENEMDU Anual Acumulada (cálculo MTDH),
empleo-adecuado,2021,anual,provincia,Tungurahua,24.5071,4.05,22.5618,26.4525,,,,INEC · ENEMDU Anual Acumulada (cálculo MTDH),
empleo-adecuado,2021,anual,provincia,Zamora Chinchipe,30.8434,5.62,27.4471,34.2396,,,,INEC · ENEMDU Anual Acumulada (cálculo MTDH),
empleo-adecuado,2021,anual,provincia,Galápagos,35.9936,4.69,32.6875,39.2998,,,,INEC · ENEMDU Anual Acumulada (cálculo MTDH),
empleo-adecuado,2021,anual,provincia,Sucumbíos,24.7546,10.45,19.6834,29.8257,,,,INEC · ENEMDU Anual Acumulada (cálculo MTDH),
empleo-adecuado,2021,anual,provincia,Orellana,17.5775,12.13,13.3965,21.7585,,,,INEC · ENEMDU Anual Acumulada (cálculo MTDH),
empleo-adecuado,2021,anual,provincia,Santo Domingo,32.1555,4.05,29.6031,34.7078,,,,INEC · ENEMDU Anual Acumulada (cálculo MTDH),
empleo-adecuado,2021,anual,provincia,Santa Elena,30.2638,3.83,27.9895,32.5381,,,,INEC · ENEMDU Anual Acumulada (cálculo MTDH),
empleo-adecuado,2022,anual,sexo,Hombre,40.0742,,,,,,,INEC · ENEMDU Anual Acumulada (cálculo MTDH),
empleo-adecuado,2022,anual,sexo,Mujer,27.039,,,,,,,INEC · ENEMDU Anual Acumulada (cálculo MTDH),
empleo-adecuado,2022,anual,area,Urbano,42.3323,1.01,41.496,43.1686,,,,INEC · ENEMDU Anual Acumulada (cálculo MTDH),
empleo-adecuado,2022,anual,area,Rural,19.253,2.99,18.1255,20.3805,,,,INEC · ENEMDU Anual Acumulada (cálculo MTDH),
empleo-adecuado,2022,anual,provincia,Azuay,39.9088,4.61,36.3024,43.5152,,,,INEC · ENEMDU Anual Acumulada (cálculo MTDH),
empleo-adecuado,2022,anual,provincia,Bolívar,19.4429,10.5,15.4404,23.4454,,,,INEC · ENEMDU Anual Acumulada (cálculo MTDH),
empleo-adecuado,2022,anual,provincia,Cañar,28.8591,8.2,24.2199,33.4982,,,,INEC · ENEMDU Anual Acumulada (cálculo MTDH),
empleo-adecuado,2022,anual,provincia,Carchi,28.6542,6.82,24.8232,32.4853,,,,INEC · ENEMDU Anual Acumulada (cálculo MTDH),
empleo-adecuado,2022,anual,provincia,Cotopaxi,24.396,7.38,20.867,27.9251,,,,INEC · ENEMDU Anual Acumulada (cálculo MTDH),
empleo-adecuado,2022,anual,provincia,Chimborazo,16.6636,12.55,12.5655,20.7618,,,,INEC · ENEMDU Anual Acumulada (cálculo MTDH),
empleo-adecuado,2022,anual,provincia,El Oro,37.721,2.21,36.0855,39.3566,,,,INEC · ENEMDU Anual Acumulada (cálculo MTDH),
empleo-adecuado,2022,anual,provincia,Esmeraldas,23.1641,4.33,21.197,25.1312,,,,INEC · ENEMDU Anual Acumulada (cálculo MTDH),
empleo-adecuado,2022,anual,provincia,Guayas,39.7125,2.25,37.9591,41.4658,,,,INEC · ENEMDU Anual Acumulada (cálculo MTDH),
empleo-adecuado,2022,anual,provincia,Imbabura,32.6626,4.06,30.0602,35.265,,,,INEC · ENEMDU Anual Acumulada (cálculo MTDH),
empleo-adecuado,2022,anual,provincia,Loja,25.1782,6.63,21.9037,28.4526,,,,INEC · ENEMDU Anual Acumulada (cálculo MTDH),
empleo-adecuado,2022,anual,provincia,Los Ríos,27.8997,5.65,24.8083,30.9911,,,,INEC · ENEMDU Anual Acumulada (cálculo MTDH),
empleo-adecuado,2022,anual,provincia,Manabí,28.3858,5.66,25.2338,31.5378,,,,INEC · ENEMDU Anual Acumulada (cálculo MTDH),
empleo-adecuado,2022,anual,provincia,Morona Santiago,13.8933,17.87,9.0273,18.7593,,,,INEC · ENEMDU Anual Acumulada (cálculo MTDH),CV > 15 %: estimación referencial
empleo-adecuado,2022,anual,provincia,Napo,12.6923,13.79,9.2609,16.1237,,,,INEC · ENEMDU Anual Acumulada (cálculo MTDH),
empleo-adecuado,2022,anual,provincia,Pastaza,13.7887,12.62,10.3769,17.2005,,,,INEC · ENEMDU Anual Acumulada (cálculo MTDH),
empleo-adecuado,2022,anual,provincia,Pichincha,48.2381,1.51,46.8084,49.6678,,,,INEC · ENEMDU Anual Acumulada (cálculo MTDH),
empleo-adecuado,2022,anual,provincia,Tungurahua,27.0111,4.38,24.6903,29.3319,,,,INEC · ENEMDU Anual Acumulada (cálculo MTDH),
empleo-adecuado,2022,anual,provincia,Zamora Chinchipe,28.068,8.5,23.3921,32.7439,,,,INEC · ENEMDU Anual Acumulada (cálculo MTDH),
empleo-adecuado,2022,anual,provincia,Galápagos,52.5378,4.88,47.5111,57.5646,,,,INEC · ENEMDU Anual Acumulada (cálculo MTDH),
empleo-adecuado,2022,anual,provincia,Sucumbíos,22.7216,15.85,15.661,29.7821,,,,INEC · ENEMDU Anual Acumulada (cálculo MTDH),CV > 15 %: estimación referencial
empleo-adecuado,2022,anual,provincia,Orellana,16.4094,15.07,11.5631,21.2557,,,,INEC · ENEMDU Anual Acumulada (cálculo MTDH),CV > 15 %: estimación referencial
empleo-adecuado,2022,anual,provincia,Santo Domingo,35.7501,4.81,32.382,39.1183,,,,INEC · ENEMDU Anual Acumulada (cálculo MTDH),
empleo-adecuado,2022,anual,provincia,Santa Elena,30.2104,3.93,27.88,32.5408,,,,INEC · ENEMDU Anual Acumulada (cálculo MTDH),
empleo-adecuado,2023,anual,sexo,Hombre,41.7926,,,,,,,INEC · ENEMDU Anual Acumulada (cálculo MTDH),
empleo-adecuado,2023,anual,sexo,Mujer,29.0854,,,,,,,INEC · ENEMDU Anual Acumulada (cálculo MTDH),
empleo-adecuado,2023,anual,area,Urbano,45.0402,1.0,44.1598,45.9206,,,,INEC · ENEMDU Anual Acumulada (cálculo MTDH),
empleo-adecuado,2023,anual,area,Rural,19.4854,3.25,18.243,20.7278,,,,INEC · ENEMDU Anual Acumulada (cálculo MTDH),
empleo-adecuado,2023,anual,provincia,Azuay,40.244,4.95,36.339,44.1489,,,,INEC · ENEMDU Anual Acumulada (cálculo MTDH),
empleo-adecuado,2023,anual,provincia,Bolívar,19.542,9.53,15.8902,23.1938,,,,INEC · ENEMDU Anual Acumulada (cálculo MTDH),
empleo-adecuado,2023,anual,provincia,Cañar,28.5077,7.84,24.129,32.8865,,,,INEC · ENEMDU Anual Acumulada (cálculo MTDH),
empleo-adecuado,2023,anual,provincia,Carchi,27.6595,13.62,20.2764,35.0427,,,,INEC · ENEMDU Anual Acumulada (cálculo MTDH),
empleo-adecuado,2023,anual,provincia,Cotopaxi,21.7256,13.68,15.8981,27.5531,,,,INEC · ENEMDU Anual Acumulada (cálculo MTDH),
empleo-adecuado,2023,anual,provincia,Chimborazo,16.1918,9.39,13.2101,19.1735,,,,INEC · ENEMDU Anual Acumulada (cálculo MTDH),
empleo-adecuado,2023,anual,provincia,El Oro,40.1396,2.58,38.1125,42.1667,,,,INEC · ENEMDU Anual Acumulada (cálculo MTDH),
empleo-adecuado,2023,anual,provincia,Esmeraldas,24.5035,4.91,22.1469,26.8601,,,,INEC · ENEMDU Anual Acumulada (cálculo MTDH),
empleo-adecuado,2023,anual,provincia,Guayas,41.7987,2.16,40.0286,43.5688,,,,INEC · ENEMDU Anual Acumulada (cálculo MTDH),
empleo-adecuado,2023,anual,provincia,Imbabura,31.0124,4.92,28.0191,34.0057,,,,INEC · ENEMDU Anual Acumulada (cálculo MTDH),
empleo-adecuado,2023,anual,provincia,Loja,26.9252,5.37,24.0924,29.7581,,,,INEC · ENEMDU Anual Acumulada (cálculo MTDH),
empleo-adecuado,2023,anual,provincia,Los Ríos,32.6784,7.1,28.1317,37.2251,,,,INEC · ENEMDU Anual Acumulada (cálculo MTDH),
empleo-adecuado,2023,anual,provincia,Manabí,30.9707,5.4,27.6892,34.2523,,,,INEC · ENEMDU Anual Acumulada (cálculo MTDH),
empleo-adecuado,2023,anual,provincia,Morona Santiago,16.5654,14.42,11.8822,21.2486,,,,INEC · ENEMDU Anual Acumulada (cálculo MTDH),
empleo-adecuado,2023,anual,provincia,Napo,10.2008,22.87,5.6266,14.775,,,,INEC · ENEMDU Anual Acumulada (cálculo MTDH),CV > 15 %: estimación referencial
empleo-adecuado,2023,anual,provincia,Pastaza,11.919,35.45,3.6348,20.2031,,,,INEC · ENEMDU Anual Acumulada (cálculo MTDH),CV > 15 %: estimación referencial
empleo-adecuado,2023,anual,provincia,Pichincha,53.6225,1.25,52.3052,54.9398,,,,INEC · ENEMDU Anual Acumulada (cálculo MTDH),
empleo-adecuado,2023,anual,provincia,Tungurahua,29.0132,3.98,26.7523,31.2741,,,,INEC · ENEMDU Anual Acumulada (cálculo MTDH),
empleo-adecuado,2023,anual,provincia,Zamora Chinchipe,28.1063,6.44,24.5567,31.6559,,,,INEC · ENEMDU Anual Acumulada (cálculo MTDH),
empleo-adecuado,2023,anual,provincia,Galápagos,55.1754,3.31,51.5946,58.7563,,,,INEC · ENEMDU Anual Acumulada (cálculo MTDH),
empleo-adecuado,2023,anual,provincia,Sucumbíos,20.9962,14.36,15.0871,26.9052,,,,INEC · ENEMDU Anual Acumulada (cálculo MTDH),
empleo-adecuado,2023,anual,provincia,Orellana,15.0331,17.87,9.7657,20.3005,,,,INEC · ENEMDU Anual Acumulada (cálculo MTDH),CV > 15 %: estimación referencial
empleo-adecuado,2023,anual,provincia,Santo Domingo,31.6885,7.09,27.2846,36.0924,,,,INEC · ENEMDU Anual Acumulada (cálculo MTDH),
empleo-adecuado,2023,anual,provincia,Santa Elena,29.0607,4.68,26.3955,31.7259,,,,INEC · ENEMDU Anual Acumulada (cálculo MTDH),
empleo-adecuado,2024,anual,sexo,Hombre,41.4462,,,,,,,INEC · ENEMDU Anual Acumulada (cálculo MTDH),
empleo-adecuado,2024,anual,sexo,Mujer,28.4437,,,,,,,INEC · ENEMDU Anual Acumulada (cálculo MTDH),
empleo-adecuado,2024,anual,area,Urbano,44.4946,1.17,43.472,45.5172,,,,INEC · ENEMDU Anual Acumulada (cálculo MTDH),
empleo-adecuado,2024,anual,area,Rural,19.3707,4.36,17.7164,21.0251,,,,INEC · ENEMDU Anual Acumulada (cálculo MTDH),
empleo-adecuado,2024,anual,provincia,Azuay,41.315,8.15,34.7125,47.9176,,,,INEC · ENEMDU Anual Acumulada (cálculo MTDH),
empleo-adecuado,2024,anual,provincia,Bolívar,19.5902,13.62,14.3611,24.8193,,,,INEC · ENEMDU Anual Acumulada (cálculo MTDH),
empleo-adecuado,2024,anual,provincia,Cañar,20.8134,25.43,10.4359,31.1909,,,,INEC · ENEMDU Anual Acumulada (cálculo MTDH),CV > 15 %: estimación referencial
empleo-adecuado,2024,anual,provincia,Carchi,26.4365,19.05,16.5648,36.3082,,,,INEC · ENEMDU Anual Acumulada (cálculo MTDH),CV > 15 %: estimación referencial
empleo-adecuado,2024,anual,provincia,Cotopaxi,21.1977,20.65,12.6162,29.7791,,,,INEC · ENEMDU Anual Acumulada (cálculo MTDH),CV > 15 %: estimación referencial
empleo-adecuado,2024,anual,provincia,Chimborazo,19.3073,10.48,15.3422,23.2723,,,,INEC · ENEMDU Anual Acumulada (cálculo MTDH),
empleo-adecuado,2024,anual,provincia,El Oro,43.123,3.94,39.7957,46.4502,,,,INEC · ENEMDU Anual Acumulada (cálculo MTDH),
empleo-adecuado,2024,anual,provincia,Esmeraldas,22.2592,9.3,18.2022,26.3163,,,,INEC · ENEMDU Anual Acumulada (cálculo MTDH),
empleo-adecuado,2024,anual,provincia,Guayas,40.8177,2.44,38.8674,42.768,,,,INEC · ENEMDU Anual Acumulada (cálculo MTDH),
empleo-adecuado,2024,anual,provincia,Imbabura,29.1294,6.77,25.2634,32.9954,,,,INEC · ENEMDU Anual Acumulada (cálculo MTDH),
empleo-adecuado,2024,anual,provincia,Loja,28.3579,7.06,24.4326,32.2833,,,,INEC · ENEMDU Anual Acumulada (cálculo MTDH),
empleo-adecuado,2024,anual,provincia,Los Ríos,36.2576,5.23,32.5401,39.9751,,,,INEC · ENEMDU Anual Acumulada (cálculo MTDH),
empleo-adecuado,2024,anual,provincia,Manabí,31.5098,7.44,26.9165,36.1031,,,,INEC · ENEMDU Anual Acumulada (cálculo MTDH),
empleo-adecuado,2024,anual,provincia,Morona Santiago,14.5951,10.69,11.5362,17.654,,,,INEC · ENEMDU Anual Acumulada (cálculo MTDH),
empleo-adecuado,2024,anual,provincia,Napo,13.8246,13.82,10.0796,17.5696,,,,INEC · ENEMDU Anual Acumulada (cálculo MTDH),
empleo-adecuado,2024,anual,provincia,Pastaza,19.968,13.31,14.758,25.178,,,,INEC · ENEMDU Anual Acumulada (cálculo MTDH),
empleo-adecuado,2024,anual,provincia,Pichincha,51.2086,1.54,49.6623,52.7548,,,,INEC · ENEMDU Anual Acumulada (cálculo MTDH),
empleo-adecuado,2024,anual,provincia,Tungurahua,29.9878,3.74,27.7904,32.1851,,,,INEC · ENEMDU Anual Acumulada (cálculo MTDH),
empleo-adecuado,2024,anual,provincia,Zamora Chinchipe,25.3374,8.65,21.0412,29.6337,,,,INEC · ENEMDU Anual Acumulada (cálculo MTDH),
empleo-adecuado,2024,anual,provincia,Galápagos,51.1388,3.82,47.3072,54.9704,,,,INEC · ENEMDU Anual Acumulada (cálculo MTDH),
empleo-adecuado,2024,anual,provincia,Sucumbíos,20.673,19.91,12.6027,28.7433,,,,INEC · ENEMDU Anual Acumulada (cálculo MTDH),CV > 15 %: estimación referencial
empleo-adecuado,2024,anual,provincia,Orellana,10.4418,28.78,4.5508,16.3329,,,,INEC · ENEMDU Anual Acumulada (cálculo MTDH),CV > 15 %: estimación referencial
empleo-adecuado,2024,anual,provincia,Santo Domingo,31.4525,7.49,26.8329,36.0722,,,,INEC · ENEMDU Anual Acumulada (cálculo MTDH),
empleo-adecuado,2024,anual,provincia,Santa Elena,28.677,7.94,24.2131,33.1409,,,,INEC · ENEMDU Anual Acumulada (cálculo MTDH),
empleo-adecuado,2025,anual,sexo,Hombre,42.426,,,,,,,INEC · ENEMDU Anual Acumulada (cálculo MTDH),
empleo-adecuado,2025,anual,sexo,Mujer,29.9572,,,,,,,INEC · ENEMDU Anual Acumulada (cálculo MTDH),
empleo-adecuado,2025,anual,area,Urbano,45.3135,1.7,43.8,46.8,,,,INEC · ENEMDU Anual Acumulada (cálculo MTDH),
empleo-adecuado,2025,anual,area,Rural,21.9278,4.0,20.2,23.7,,,,INEC · ENEMDU Anual Acumulada (cálculo MTDH),
empleo-adecuado,2025,anual,provincia,Azuay,44.8736,3.5,41.8,47.9,,,,INEC · ENEMDU Anual Acumulada (cálculo MTDH),
empleo-adecuado,2025,anual,provincia,Bolívar,24.9458,9.1,20.5,29.4,,,,INEC · ENEMDU Anual Acumulada (cálculo MTDH),
empleo-adecuado,2025,anual,provincia,Cañar,31.6636,5.1,28.5,34.8,,,,INEC · ENEMDU Anual Acumulada (cálculo MTDH),
empleo-adecuado,2025,anual,provincia,Carchi,24.3762,19.1,15.3,33.5,,,,INEC · ENEMDU Anual Acumulada (cálculo MTDH),CV > 15 %: estimación referencial
empleo-adecuado,2025,anual,provincia,Cotopaxi,25.6723,7.4,21.9,29.4,,,,INEC · ENEMDU Anual Acumulada (cálculo MTDH),
empleo-adecuado,2025,anual,provincia,Chimborazo,21.6066,7.8,18.3,24.9,,,,INEC · ENEMDU Anual Acumulada (cálculo MTDH),
empleo-adecuado,2025,anual,provincia,El Oro,42.5925,3.8,39.5,45.7,,,,INEC · ENEMDU Anual Acumulada (cálculo MTDH),
empleo-adecuado,2025,anual,provincia,Esmeraldas,25.0192,5.0,22.6,27.4,,,,INEC · ENEMDU Anual Acumulada (cálculo MTDH),
empleo-adecuado,2025,anual,provincia,Guayas,41.3426,4.3,37.9,44.8,,,,INEC · ENEMDU Anual Acumulada (cálculo MTDH),
empleo-adecuado,2025,anual,provincia,Imbabura,29.3131,7.1,25.2,33.4,,,,INEC · ENEMDU Anual Acumulada (cálculo MTDH),
empleo-adecuado,2025,anual,provincia,Loja,26.8398,6.8,23.2,30.4,,,,INEC · ENEMDU Anual Acumulada (cálculo MTDH),
empleo-adecuado,2025,anual,provincia,Los Ríos,32.5282,6.0,28.7,36.4,,,,INEC · ENEMDU Anual Acumulada (cálculo MTDH),
empleo-adecuado,2025,anual,provincia,Manabí,29.3103,7.0,25.3,33.3,,,,INEC · ENEMDU Anual Acumulada (cálculo MTDH),
empleo-adecuado,2025,anual,provincia,Morona Santiago,9.7638,29.7,4.1,15.5,,,,INEC · ENEMDU Anual Acumulada (cálculo MTDH),CV > 15 %: estimación referencial
empleo-adecuado,2025,anual,provincia,Napo,11.9458,9.9,9.6,14.3,,,,INEC · ENEMDU Anual Acumulada (cálculo MTDH),
empleo-adecuado,2025,anual,provincia,Pastaza,24.1475,6.1,21.3,27.0,,,,INEC · ENEMDU Anual Acumulada (cálculo MTDH),
empleo-adecuado,2025,anual,provincia,Pichincha,53.0268,1.8,51.1,54.9,,,,INEC · ENEMDU Anual Acumulada (cálculo MTDH),
empleo-adecuado,2025,anual,provincia,Tungurahua,30.5429,4.7,27.7,33.3,,,,INEC · ENEMDU Anual Acumulada (cálculo MTDH),
empleo-adecuado,2025,anual,provincia,Zamora Chinchipe,32.1442,9.5,26.2,38.1,,,,INEC · ENEMDU Anual Acumulada (cálculo MTDH),
empleo-adecuado,2025,anual,provincia,Galápagos,59.5543,3.6,55.4,63.7,,,,INEC · ENEMDU Anual Acumulada (cálculo MTDH),
empleo-adecuado,2025,anual,provincia,Sucumbíos,27.6294,10.9,21.7,33.6,,,,INEC · ENEMDU Anual Acumulada (cálculo MTDH),
empleo-adecuado,2025,anual,provincia,Orellana,17.7924,9.5,14.5,21.1,,,,INEC · ENEMDU Anual Acumulada (cálculo MTDH),
empleo-adecuado,2025,anual,provincia,Santo Domingo,39.3572,5.7,35.0,43.7,,,,INEC · ENEMDU Anual Acumulada (cálculo MTDH),
empleo-adecuado,2025,anual,provincia,Santa Elena,31.4529,5.4,28.2,34.8,,,,INEC · ENEMDU Anual Acumulada (cálculo MTDH),
desempleo-juvenil,2018,anual,sexo,Hombre,6.6917,,,,,,,INEC · ENEMDU Anual Acumulada (cálculo MTDH),
desempleo-juvenil,2018,anual,sexo,Mujer,11.4417,,,,,,,INEC · ENEMDU Anual Acumulada (cálculo MTDH),
desempleo-juvenil,2019,anual,sexo,Hombre,7.0556,,,,,,,INEC · ENEMDU Anual Acumulada (cálculo MTDH),
desempleo-juvenil,2019,anual,sexo,Mujer,12.5984,,,,,,,INEC · ENEMDU Anual Acumulada (cálculo MTDH),
desempleo-juvenil,2021,anual,sexo,Hombre,7.5306,,,,,,,INEC · ENEMDU Anual Acumulada (cálculo MTDH),
desempleo-juvenil,2021,anual,sexo,Mujer,14.5913,,,,,,,INEC · ENEMDU Anual Acumulada (cálculo MTDH),
desempleo-juvenil,2022,anual,sexo,Hombre,7.4173,,,,,,,INEC · ENEMDU Anual Acumulada (cálculo MTDH),
desempleo-juvenil,2022,anual,sexo,Mujer,12.0444,,,,,,,INEC · ENEMDU Anual Acumulada (cálculo MTDH),
desempleo-juvenil,2023,anual,sexo,Hombre,6.3402,,,,,,,INEC · ENEMDU Anual Acumulada (cálculo MTDH),
desempleo-juvenil,2023,anual,sexo,Mujer,10.8639,,,,,,,INEC · ENEMDU Anual Acumulada (cálculo MTDH),
desempleo-juvenil,2024,anual,sexo,Hombre,6.8782,,,,,,,INEC · ENEMDU Anual Acumulada (cálculo MTDH),
desempleo-juvenil,2024,anual,sexo,Mujer,12.7798,,,,,,,INEC · ENEMDU Anual Acumulada (cálculo MTDH),
desempleo-juvenil,2025,anual,sexo,Hombre,6.2999,,,,,,,INEC · ENEMDU Anual Acumulada (cálculo MTDH),
desempleo-juvenil,2025,anual,sexo,Mujer,11.5192,,,,,,,INEC · ENEMDU Anual Acumulada (cálculo MTDH),
