periodo,fecha_corte,numerador,denominador,porcentaje_reportado,porcentaje,no_gestionadas
2022-07,2022-07-01,16567,20820,79.57,79.57,4253
2022-08,2022-08-01,25507,32186,79.25,79.25,6679
2022-09,2022-09-01,101974,152227,66.99,66.99,50253
2022-10,2022-10-01,124954,187044,66.8,66.8,62090
2022-11,2022-11-01,157953,232322,67.99,67.99,74369
2022-12,2022-12-01,158186,232864,67.93,67.93,74678
2023-01,2023-01-01,23908,24043,99.44,99.44,135
2023-02,2023-02-01,70112,71357,98.26,98.26,1245
2023-03,2023-03-01,74604,75876,98.32,98.32,1272
2023-04,2023-04-01,114385,120124,95.22,95.22,5739
2023-05,2023-05-01,147544,154855,95.28,95.28,7311
2023-06,2023-06-01,192532,202286,95.18,95.18,9754
2023-07,2023-07-01,231964,246910,93.95,93.95,14946
2023-08,2023-08-01,275636,294088,93.73,93.73,18452
2023-09,2023-09-01,304318,327183,93.01,93.01,22865
2023-10,2023-10-01,330078,352549,93.63,93.63,22471
2023-11,2023-11-01,397523,420307,94.58,94.58,22784
2023-12,2023-12-01,434411,456920,95.07,95.07,22509
2024-01,2024-01-01,467326,490354,95.3,95.3,23028
2024-02,2024-02-01,495912,517721,95.79,95.79,21809
2024-03,2024-03-01,515197,537034,95.93,95.93,21837
2024-04,2024-04-01,537988,559796,96.1,96.1,21808
2024-05,2024-05-01,565172,585239,96.57,96.57,20067
2024-06,2024-06-01,584514,607104,96.28,96.28,22590
2024-07,2024-07-01,609323,632309,96.36,96.36,22986
2024-08,2024-08-01,630588,653413,96.51,96.51,22825
2024-09,2024-09-01,651810,675817,96.45,96.45,24007
2024-10,2024-10-01,670836,696709,96.29,96.29,25873
2024-11,2024-11-01,720533,754638,95.48,95.48,34105
2024-12,2024-12-01,753124,778443,96.75,96.75,25319
2025-01,2025-01-01,774284,798324,96.99,96.99,24040
2025-02,2025-02-01,800839,825175,97.05,97.05,24336
2025-03,2025-03-01,1649221,1714228,96.21,96.21,65007
2025-04,2025-04-01,849761,881482,96.4,96.4,31721
2025-05,2025-05-01,876062,904472,96.86,96.86,28410
2025-06,2025-06-01,897962,929140,96.64,96.64,31178
2025-07,2025-07-01,919108,953792,96.36,96.36,34684
2025-08,2025-08-01,941659,981726,95.92,95.92,40067
2025-09,2025-09-01,962942,1008996,95.44,95.44,46054
2025-10,2025-10-01,976163,1027445,95.01,95.01,51282
2025-11,2025-11-01,997337,1047812,95.18,95.18,50475
2025-12,2025-12-01,1023239,1086243,94.2,94.2,63004
2026-01,2026-01-01,1041327,1115730,93.33,93.33,74403
2026-02,2026-02-01,1084224,1132201,95.76,95.76,47977
2026-03,2026-03-01,1108115,1158522,95.65,95.65,50407
2026-04,2026-04-01,1126313,1183202,95.19,95.19,56889
2026-05,2026-05-01,1143830,1203536,95.04,95.04,59706
2026-06,2026-06-01,1168145,1230955,94.9,94.9,62810
2026-07,2026-07-01,1184785,1256753,94.27,94.27,71968
