familia,categoria,IV - 2020,I - 2021,II - 2021,III - 2021,IV - 2021,I - 2022,II - 2022,III - 2022,IV - 2022,I - 2023,II - 2023,III - 2023,IV - 2023,I - 2024,II - 2024,III - 2024,IV - 2024,I - 2025,II - 2025,III - 2025,IV - 2025,I - 2026
Sexo,Hombre,59.23,59.05,58.48,58.52,58.16,58.0,57.87,57.48,58.39,58.24,58.93,58.41,58.48,58.65,58.54,58.73,59.13,58.89,58.75,58.76,59.61,59.8
Sexo,Mujer,40.77,40.95,41.52,41.48,41.84,42.0,42.13,42.52,41.61,41.76,41.07,41.59,41.52,41.35,41.46,41.27,40.87,41.11,41.25,41.24,40.39,40.2
Tipo de Empleado(1),Empleado Público,6.76,7.33,6.92,6.99,7.02,6.82,6.82,6.99,7.31,6.62,7.31,6.61,6.77,7.02,6.98,6.7,6.31,7.04,6.92,7.02,6.38,6.2
Tipo de Empleado(1),Empleado Privado,93.24,92.67,93.08,93.01,92.98,93.18,93.18,93.01,92.69,93.38,92.69,93.39,93.23,92.98,93.02,93.3,93.69,92.96,93.08,92.98,93.62,93.8
Tipo de Trabajo(2),Empleo Asalariado,52.61,54.0,53.32,54.06,55.15,54.52,54.74,54.63,55.59,55.45,56.89,55.82,55.7,55.65,55.51,55.22,54.93,56.35,56.66,58.23,56.76,58.1
Tipo de Trabajo(2),Empleo Independiente,47.39,46.0,46.68,45.94,44.85,45.48,45.26,45.37,44.41,44.55,43.11,44.18,44.3,44.35,44.49,44.78,45.07,43.65,43.34,41.77,43.24,41.9
Grupos de edad,Entre 15 y 24 años,17.31,16.19,17.12,17.05,16.8,17.39,16.48,15.89,15.58,16.06,15.92,16.18,16.8,16.62,14.83,15.17,15.41,15.79,14.42,14.17,14.56,14.5
Grupos de edad,Entre 25 y 34 años,21.54,22.33,21.48,21.75,22.08,21.56,21.64,21.39,21.74,21.98,22.03,21.69,21.19,20.92,22.48,21.24,20.74,21.44,21.72,22.0,21.28,21.5
Grupos de edad,Entre 35 y 44 años,22.39,23.67,23.94,23.79,22.79,22.08,23.02,22.95,22.83,22.01,22.4,23.05,22.78,22.58,22.19,22.3,22.15,22.71,23.19,23.61,23.14,24.3
Grupos de edad,Entre 45 y 64 años,31.25,30.59,30.12,29.91,30.71,31.58,31.29,31.84,31.94,31.99,31.83,31.53,31.21,31.99,32.39,32.79,33.32,31.89,32.45,31.56,31.58,31.6
Grupos de edad,65 años y más,7.51,7.22,7.33,7.5,7.61,7.38,7.57,7.94,7.92,7.95,7.81,7.55,8.02,7.89,8.11,8.5,8.38,8.16,8.22,8.66,9.43,8.1
Nivel de Instrucción,Ninguno,3.39,2.85,2.94,2.67,2.45,3.0,2.93,2.48,2.82,3.0,2.95,2.59,3.01,3.36,2.61,3.06,3.31,2.97,2.92,3.03,3.28,2.9
Nivel de Instrucción,Educación Básica,43.17,41.55,40.92,39.48,39.95,39.61,39.83,39.9,39.07,40.85,40.21,39.98,40.03,40.28,40.42,38.6,39.7,38.47,37.93,38.24,39.39,37.5
Nivel de Instrucción,Educación Media/Bachillerato,33.42,33.56,34.57,35.98,35.33,36.21,35.62,35.92,36.67,35.59,35.55,36.3,35.75,35.32,35.5,37.01,36.2,36.54,37.64,36.78,36.63,38.7
Nivel de Instrucción,Superior,19.76,21.8,21.33,21.48,21.86,21.0,21.4,21.46,21.19,20.38,21.11,20.82,20.93,20.89,21.4,21.33,20.49,21.7,21.29,21.79,20.54,20.6
"Rama de Actividad **
Ciiu 4.0",Agricultura y minas,33.46,33.31,33.67,31.49,32.0,33.49,32.13,31.87,31.54,32.75,32.35,30.86,32.93,34.07,32.32,32.6,32.77,33.44,31.78,31.21,34.9,32.8
"Rama de Actividad **
Ciiu 4.0",Manufactura,9.24,9.55,9.6,9.96,10.48,9.97,10.13,10.43,9.9,9.26,9.67,9.67,9.05,8.81,9.82,9.37,9.39,8.87,9.94,10.73,9.89,9.5
"Rama de Actividad **
Ciiu 4.0",Comercio,18.61,19.08,18.52,18.01,17.67,17.16,17.54,18.17,17.44,16.86,16.77,17.86,17.07,16.77,16.87,16.75,17.07,16.53,16.57,16.1,15.45,15.8
"Rama de Actividad **
Ciiu 4.0",Construccion,6.06,5.47,5.85,6.2,5.91,5.45,5.69,5.73,6.4,6.05,6.31,6.45,6.07,6.17,5.87,6.0,6.87,5.92,6.54,6.39,5.9,6.8
"Rama de Actividad **
Ciiu 4.0",Servicios,32.63,32.59,32.35,34.33,33.94,33.94,34.52,33.8,34.72,35.07,34.91,35.16,34.88,34.19,35.12,35.28,33.9,35.24,35.16,35.57,33.86,35.1
Etnia,Indígena,13.97,11.45,13.37,12.15,12.51,13.96,13.19,12.71,13.11,14.01,14.35,14.99,15.67,16.46,15.5,15.57,16.89,17.22,14.46,13.92,16.28,15.5
Etnia,Afroecuatoriano/a Afrodescendiente,4.19,3.05,3.06,3.39,3.96,3.37,3.22,3.12,2.67,3.04,2.78,2.74,3.19,3.24,2.76,3.14,3.01,3.14,2.98,2.97,2.95,2.9
Etnia,Mestizo/a,76.0,78.47,77.79,79.2,77.37,77.14,78.99,80.23,79.91,78.19,78.35,78.55,77.32,76.2,78.75,78.17,77.26,76.2,78.54,79.0,76.45,77.2
Etnia,Blanco/a,1.02,1.19,1.43,1.21,1.5,1.12,1.1,0.8,0.82,0.78,0.82,0.75,0.77,0.69,0.58,0.58,0.58,0.63,1.05,0.68,0.43,0.7
Etnia,Montubio/a,4.79,5.83,4.32,4.01,4.64,4.39,3.48,3.14,3.48,3.97,3.69,2.95,2.98,3.39,2.38,2.51,2.24,2.78,2.96,3.38,3.87,3.6
Etnia,Otro,0.02,0.01,0.02,0.04,0.02,0.02,0.02,0.01,0.01,0.01,0.0,0.02,0.07,0.01,0.03,0.03,0.02,0.03,0.01,0.05,0.02,0
Sectorización de la Población,Sector Formal,42.4,42.26,40.91,42.31,43.46,43.58,43.65,44.21,43.86,42.47,44.08,43.16,42.72,42.46,43.71,42.6,41.24,42.46,43.07,43.44,42.22,42.2
Sectorización de la Población,Sector Informal,51.55,50.1,51.63,49.98,50.16,51.09,50.61,51.32,51.81,53.45,52.09,53.15,54.03,54.17,52.47,53.85,55.2,53.52,52.6,52.37,53.76,53.5
Sectorización de la Población,Empleo Doméstico,1.96,1.87,1.9,2.27,2.24,2.11,2.14,2.03,2.44,2.4,2.32,2.46,2.18,2.26,2.27,2.29,2.26,2.36,2.54,2.59,2.41,2.4
Sectorización de la Población,No Clasificados por Sector,4.08,5.76,5.56,5.44,4.14,3.22,3.6,2.44,1.89,1.67,1.51,1.23,1.07,1.11,1.56,1.26,1.3,1.66,1.79,1.6,1.61,1.8
Horas habituales promedio de trabajo a la semana (ocupacion principal y secundaria) (3),Total,35.19,35.61,35.44,35.62,36.14,35.65,35.15,35.41,35.15,35.14,35.41,35.27,35.33,35.08,35.2,35.1,34.91,35.23,35.69,35.53,35.55,35.12
Horas habituales promedio de trabajo a la semana (ocupacion principal y secundaria) (3),Hombre,37.59,38.09,38.33,38.5,39.16,38.54,38.17,38.63,38.02,37.87,37.82,37.98,38.06,37.66,37.66,37.64,37.41,37.5,38.15,37.79,37.96,37.46
Horas habituales promedio de trabajo a la semana (ocupacion principal y secundaria) (3),Mujer,31.7,32.05,31.37,31.56,31.93,31.65,31.01,31.04,31.13,31.32,31.97,31.46,31.47,31.41,31.73,31.5,31.29,31.99,32.18,32.3,31.99,31.64
