registro_id,indicador,anio,mes,zona,provincia,presupuesto_musd,es_dato_real,nota
5,Bienestar Social · Desarrollo Infantil Integral (DII),2025,12,Zona 6,Azuay,13.133016,TRUE,"Acumulado real nov 2023-dic 2025 (columna 'acumulado 2023-2025' del Excel VIS-VIE), colocado como un solo bloque en dic-2025 porque el archivo no permite desagregar por mes."
5,Bienestar Social · Desarrollo Infantil Integral (DII),2026,07,Zona 6,Azuay,3.909414,TRUE,Dato real de julio 2026 (columna 'Presupuesto_hasta_julio_2026' del Excel VIS-VIE).
5,Bienestar Social · Desarrollo Infantil Integral (DII),2025,12,Zona 5,Bolívar,9.552113,TRUE,"Acumulado real nov 2023-dic 2025 (columna 'acumulado 2023-2025' del Excel VIS-VIE), colocado como un solo bloque en dic-2025 porque el archivo no permite desagregar por mes."
5,Bienestar Social · Desarrollo Infantil Integral (DII),2026,07,Zona 5,Bolívar,2.519405,TRUE,Dato real de julio 2026 (columna 'Presupuesto_hasta_julio_2026' del Excel VIS-VIE).
5,Bienestar Social · Desarrollo Infantil Integral (DII),2025,12,Zona 6,Cañar,5.874787,TRUE,"Acumulado real nov 2023-dic 2025 (columna 'acumulado 2023-2025' del Excel VIS-VIE), colocado como un solo bloque en dic-2025 porque el archivo no permite desagregar por mes."
5,Bienestar Social · Desarrollo Infantil Integral (DII),2026,07,Zona 6,Cañar,1.660566,TRUE,Dato real de julio 2026 (columna 'Presupuesto_hasta_julio_2026' del Excel VIS-VIE).
5,Bienestar Social · Desarrollo Infantil Integral (DII),2025,12,Zona 1,Carchi,4.497427,TRUE,"Acumulado real nov 2023-dic 2025 (columna 'acumulado 2023-2025' del Excel VIS-VIE), colocado como un solo bloque en dic-2025 porque el archivo no permite desagregar por mes."
5,Bienestar Social · Desarrollo Infantil Integral (DII),2026,07,Zona 1,Carchi,1.398338,TRUE,Dato real de julio 2026 (columna 'Presupuesto_hasta_julio_2026' del Excel VIS-VIE).
5,Bienestar Social · Desarrollo Infantil Integral (DII),2025,12,Zona 3,Chimborazo,16.46997,TRUE,"Acumulado real nov 2023-dic 2025 (columna 'acumulado 2023-2025' del Excel VIS-VIE), colocado como un solo bloque en dic-2025 porque el archivo no permite desagregar por mes."
5,Bienestar Social · Desarrollo Infantil Integral (DII),2026,07,Zona 3,Chimborazo,5.061584,TRUE,Dato real de julio 2026 (columna 'Presupuesto_hasta_julio_2026' del Excel VIS-VIE).
5,Bienestar Social · Desarrollo Infantil Integral (DII),2025,12,Zona 3,Cotopaxi,14.821143,TRUE,"Acumulado real nov 2023-dic 2025 (columna 'acumulado 2023-2025' del Excel VIS-VIE), colocado como un solo bloque en dic-2025 porque el archivo no permite desagregar por mes."
5,Bienestar Social · Desarrollo Infantil Integral (DII),2026,07,Zona 3,Cotopaxi,5.114956,TRUE,Dato real de julio 2026 (columna 'Presupuesto_hasta_julio_2026' del Excel VIS-VIE).
5,Bienestar Social · Desarrollo Infantil Integral (DII),2025,12,Zona 7,El Oro,11.817803,TRUE,"Acumulado real nov 2023-dic 2025 (columna 'acumulado 2023-2025' del Excel VIS-VIE), colocado como un solo bloque en dic-2025 porque el archivo no permite desagregar por mes."
5,Bienestar Social · Desarrollo Infantil Integral (DII),2026,07,Zona 7,El Oro,3.437842,TRUE,Dato real de julio 2026 (columna 'Presupuesto_hasta_julio_2026' del Excel VIS-VIE).
5,Bienestar Social · Desarrollo Infantil Integral (DII),2025,12,Zona 1,Esmeraldas,28.876235,TRUE,"Acumulado real nov 2023-dic 2025 (columna 'acumulado 2023-2025' del Excel VIS-VIE), colocado como un solo bloque en dic-2025 porque el archivo no permite desagregar por mes."
5,Bienestar Social · Desarrollo Infantil Integral (DII),2026,07,Zona 1,Esmeraldas,8.184181,TRUE,Dato real de julio 2026 (columna 'Presupuesto_hasta_julio_2026' del Excel VIS-VIE).
5,Bienestar Social · Desarrollo Infantil Integral (DII),2025,12,Zona 5,Galápagos,1.30569,TRUE,"Acumulado real nov 2023-dic 2025 (columna 'acumulado 2023-2025' del Excel VIS-VIE), colocado como un solo bloque en dic-2025 porque el archivo no permite desagregar por mes."
5,Bienestar Social · Desarrollo Infantil Integral (DII),2026,07,Zona 5,Galápagos,0.326327,TRUE,Dato real de julio 2026 (columna 'Presupuesto_hasta_julio_2026' del Excel VIS-VIE).
5,Bienestar Social · Desarrollo Infantil Integral (DII),2025,12,Zona 5,Guayas,80.118042,TRUE,"Acumulado real nov 2023-dic 2025 (columna 'acumulado 2023-2025' del Excel VIS-VIE), colocado como un solo bloque en dic-2025 porque el archivo no permite desagregar por mes."
5,Bienestar Social · Desarrollo Infantil Integral (DII),2026,07,Zona 5,Guayas,20.669159,TRUE,Dato real de julio 2026 (columna 'Presupuesto_hasta_julio_2026' del Excel VIS-VIE).
5,Bienestar Social · Desarrollo Infantil Integral (DII),2025,12,Zona 1,Imbabura,13.167355,TRUE,"Acumulado real nov 2023-dic 2025 (columna 'acumulado 2023-2025' del Excel VIS-VIE), colocado como un solo bloque en dic-2025 porque el archivo no permite desagregar por mes."
5,Bienestar Social · Desarrollo Infantil Integral (DII),2026,07,Zona 1,Imbabura,3.634775,TRUE,Dato real de julio 2026 (columna 'Presupuesto_hasta_julio_2026' del Excel VIS-VIE).
5,Bienestar Social · Desarrollo Infantil Integral (DII),2025,12,Zona 7,Loja,9.931265,TRUE,"Acumulado real nov 2023-dic 2025 (columna 'acumulado 2023-2025' del Excel VIS-VIE), colocado como un solo bloque en dic-2025 porque el archivo no permite desagregar por mes."
5,Bienestar Social · Desarrollo Infantil Integral (DII),2026,07,Zona 7,Loja,2.573883,TRUE,Dato real de julio 2026 (columna 'Presupuesto_hasta_julio_2026' del Excel VIS-VIE).
5,Bienestar Social · Desarrollo Infantil Integral (DII),2025,12,Zona 5,Los Ríos,17.422011,TRUE,"Acumulado real nov 2023-dic 2025 (columna 'acumulado 2023-2025' del Excel VIS-VIE), colocado como un solo bloque en dic-2025 porque el archivo no permite desagregar por mes."
5,Bienestar Social · Desarrollo Infantil Integral (DII),2026,07,Zona 5,Los Ríos,3.992704,TRUE,Dato real de julio 2026 (columna 'Presupuesto_hasta_julio_2026' del Excel VIS-VIE).
5,Bienestar Social · Desarrollo Infantil Integral (DII),2025,12,Zona 4,Manabí,34.938039,TRUE,"Acumulado real nov 2023-dic 2025 (columna 'acumulado 2023-2025' del Excel VIS-VIE), colocado como un solo bloque en dic-2025 porque el archivo no permite desagregar por mes."
5,Bienestar Social · Desarrollo Infantil Integral (DII),2026,07,Zona 4,Manabí,8.960719,TRUE,Dato real de julio 2026 (columna 'Presupuesto_hasta_julio_2026' del Excel VIS-VIE).
5,Bienestar Social · Desarrollo Infantil Integral (DII),2025,12,Zona 6,Morona Santiago,12.904773,TRUE,"Acumulado real nov 2023-dic 2025 (columna 'acumulado 2023-2025' del Excel VIS-VIE), colocado como un solo bloque en dic-2025 porque el archivo no permite desagregar por mes."
5,Bienestar Social · Desarrollo Infantil Integral (DII),2026,07,Zona 6,Morona Santiago,3.845585,TRUE,Dato real de julio 2026 (columna 'Presupuesto_hasta_julio_2026' del Excel VIS-VIE).
5,Bienestar Social · Desarrollo Infantil Integral (DII),2025,12,Zona 2,Napo,8.679557,TRUE,"Acumulado real nov 2023-dic 2025 (columna 'acumulado 2023-2025' del Excel VIS-VIE), colocado como un solo bloque en dic-2025 porque el archivo no permite desagregar por mes."
5,Bienestar Social · Desarrollo Infantil Integral (DII),2026,07,Zona 2,Napo,2.951984,TRUE,Dato real de julio 2026 (columna 'Presupuesto_hasta_julio_2026' del Excel VIS-VIE).
5,Bienestar Social · Desarrollo Infantil Integral (DII),2025,12,Zona 2,Orellana,5.310023,TRUE,"Acumulado real nov 2023-dic 2025 (columna 'acumulado 2023-2025' del Excel VIS-VIE), colocado como un solo bloque en dic-2025 porque el archivo no permite desagregar por mes."
5,Bienestar Social · Desarrollo Infantil Integral (DII),2026,07,Zona 2,Orellana,1.573569,TRUE,Dato real de julio 2026 (columna 'Presupuesto_hasta_julio_2026' del Excel VIS-VIE).
5,Bienestar Social · Desarrollo Infantil Integral (DII),2025,12,Zona 3,Pastaza,5.476841,TRUE,"Acumulado real nov 2023-dic 2025 (columna 'acumulado 2023-2025' del Excel VIS-VIE), colocado como un solo bloque en dic-2025 porque el archivo no permite desagregar por mes."
5,Bienestar Social · Desarrollo Infantil Integral (DII),2026,07,Zona 3,Pastaza,1.606079,TRUE,Dato real de julio 2026 (columna 'Presupuesto_hasta_julio_2026' del Excel VIS-VIE).
5,Bienestar Social · Desarrollo Infantil Integral (DII),2025,12,Zona 2,Pichincha,40.487313,TRUE,"Acumulado real nov 2023-dic 2025 (columna 'acumulado 2023-2025' del Excel VIS-VIE), colocado como un solo bloque en dic-2025 porque el archivo no permite desagregar por mes."
5,Bienestar Social · Desarrollo Infantil Integral (DII),2026,07,Zona 2,Pichincha,12.537189,TRUE,Dato real de julio 2026 (columna 'Presupuesto_hasta_julio_2026' del Excel VIS-VIE).
5,Bienestar Social · Desarrollo Infantil Integral (DII),2025,12,Zona 5,Santa Elena,12.963832,TRUE,"Acumulado real nov 2023-dic 2025 (columna 'acumulado 2023-2025' del Excel VIS-VIE), colocado como un solo bloque en dic-2025 porque el archivo no permite desagregar por mes."
5,Bienestar Social · Desarrollo Infantil Integral (DII),2026,07,Zona 5,Santa Elena,4.573909,TRUE,Dato real de julio 2026 (columna 'Presupuesto_hasta_julio_2026' del Excel VIS-VIE).
5,Bienestar Social · Desarrollo Infantil Integral (DII),2025,12,Zona 4,Santo Domingo de los Tsáchilas,6.207658,TRUE,"Acumulado real nov 2023-dic 2025 (columna 'acumulado 2023-2025' del Excel VIS-VIE), colocado como un solo bloque en dic-2025 porque el archivo no permite desagregar por mes."
5,Bienestar Social · Desarrollo Infantil Integral (DII),2026,07,Zona 4,Santo Domingo de los Tsáchilas,1.424111,TRUE,Dato real de julio 2026 (columna 'Presupuesto_hasta_julio_2026' del Excel VIS-VIE).
5,Bienestar Social · Desarrollo Infantil Integral (DII),2025,12,Zona 1,Sucumbíos,4.554278,TRUE,"Acumulado real nov 2023-dic 2025 (columna 'acumulado 2023-2025' del Excel VIS-VIE), colocado como un solo bloque en dic-2025 porque el archivo no permite desagregar por mes."
5,Bienestar Social · Desarrollo Infantil Integral (DII),2026,07,Zona 1,Sucumbíos,1.568458,TRUE,Dato real de julio 2026 (columna 'Presupuesto_hasta_julio_2026' del Excel VIS-VIE).
5,Bienestar Social · Desarrollo Infantil Integral (DII),2025,12,Zona 3,Tungurahua,10.466566,TRUE,"Acumulado real nov 2023-dic 2025 (columna 'acumulado 2023-2025' del Excel VIS-VIE), colocado como un solo bloque en dic-2025 porque el archivo no permite desagregar por mes."
5,Bienestar Social · Desarrollo Infantil Integral (DII),2026,07,Zona 3,Tungurahua,3.496885,TRUE,Dato real de julio 2026 (columna 'Presupuesto_hasta_julio_2026' del Excel VIS-VIE).
5,Bienestar Social · Desarrollo Infantil Integral (DII),2025,12,Zona 7,Zamora Chinchipe,3.763314,TRUE,"Acumulado real nov 2023-dic 2025 (columna 'acumulado 2023-2025' del Excel VIS-VIE), colocado como un solo bloque en dic-2025 porque el archivo no permite desagregar por mes."
5,Bienestar Social · Desarrollo Infantil Integral (DII),2026,07,Zona 7,Zamora Chinchipe,1.058153,TRUE,Dato real de julio 2026 (columna 'Presupuesto_hasta_julio_2026' del Excel VIS-VIE).
8,Bienestar Social · Personas Adultas Mayores (PAM),2025,12,Zona 6,Azuay,7.838415,TRUE,"Acumulado real nov 2023-dic 2025 (columna 'acumulado 2023-2025' del Excel VIS-VIE), colocado como un solo bloque en dic-2025 porque el archivo no permite desagregar por mes."
8,Bienestar Social · Personas Adultas Mayores (PAM),2026,07,Zona 6,Azuay,2.068766,TRUE,Dato real de julio 2026 (columna 'Presupuesto_hasta_julio_2026' del Excel VIS-VIE).
8,Bienestar Social · Personas Adultas Mayores (PAM),2025,12,Zona 5,Bolívar,3.617434,TRUE,"Acumulado real nov 2023-dic 2025 (columna 'acumulado 2023-2025' del Excel VIS-VIE), colocado como un solo bloque en dic-2025 porque el archivo no permite desagregar por mes."
8,Bienestar Social · Personas Adultas Mayores (PAM),2026,07,Zona 5,Bolívar,0.922435,TRUE,Dato real de julio 2026 (columna 'Presupuesto_hasta_julio_2026' del Excel VIS-VIE).
8,Bienestar Social · Personas Adultas Mayores (PAM),2025,12,Zona 6,Cañar,5.091778,TRUE,"Acumulado real nov 2023-dic 2025 (columna 'acumulado 2023-2025' del Excel VIS-VIE), colocado como un solo bloque en dic-2025 porque el archivo no permite desagregar por mes."
8,Bienestar Social · Personas Adultas Mayores (PAM),2026,07,Zona 6,Cañar,1.811823,TRUE,Dato real de julio 2026 (columna 'Presupuesto_hasta_julio_2026' del Excel VIS-VIE).
8,Bienestar Social · Personas Adultas Mayores (PAM),2025,12,Zona 1,Carchi,1.436231,TRUE,"Acumulado real nov 2023-dic 2025 (columna 'acumulado 2023-2025' del Excel VIS-VIE), colocado como un solo bloque en dic-2025 porque el archivo no permite desagregar por mes."
8,Bienestar Social · Personas Adultas Mayores (PAM),2026,07,Zona 1,Carchi,0.601716,TRUE,Dato real de julio 2026 (columna 'Presupuesto_hasta_julio_2026' del Excel VIS-VIE).
8,Bienestar Social · Personas Adultas Mayores (PAM),2025,12,Zona 3,Chimborazo,9.268113,TRUE,"Acumulado real nov 2023-dic 2025 (columna 'acumulado 2023-2025' del Excel VIS-VIE), colocado como un solo bloque en dic-2025 porque el archivo no permite desagregar por mes."
8,Bienestar Social · Personas Adultas Mayores (PAM),2026,07,Zona 3,Chimborazo,2.832582,TRUE,Dato real de julio 2026 (columna 'Presupuesto_hasta_julio_2026' del Excel VIS-VIE).
8,Bienestar Social · Personas Adultas Mayores (PAM),2025,12,Zona 3,Cotopaxi,3.473705,TRUE,"Acumulado real nov 2023-dic 2025 (columna 'acumulado 2023-2025' del Excel VIS-VIE), colocado como un solo bloque en dic-2025 porque el archivo no permite desagregar por mes."
8,Bienestar Social · Personas Adultas Mayores (PAM),2026,07,Zona 3,Cotopaxi,1.290839,TRUE,Dato real de julio 2026 (columna 'Presupuesto_hasta_julio_2026' del Excel VIS-VIE).
8,Bienestar Social · Personas Adultas Mayores (PAM),2025,12,Zona 7,El Oro,3.544334,TRUE,"Acumulado real nov 2023-dic 2025 (columna 'acumulado 2023-2025' del Excel VIS-VIE), colocado como un solo bloque en dic-2025 porque el archivo no permite desagregar por mes."
8,Bienestar Social · Personas Adultas Mayores (PAM),2026,07,Zona 7,El Oro,1.006918,TRUE,Dato real de julio 2026 (columna 'Presupuesto_hasta_julio_2026' del Excel VIS-VIE).
8,Bienestar Social · Personas Adultas Mayores (PAM),2025,12,Zona 1,Esmeraldas,7.439297,TRUE,"Acumulado real nov 2023-dic 2025 (columna 'acumulado 2023-2025' del Excel VIS-VIE), colocado como un solo bloque en dic-2025 porque el archivo no permite desagregar por mes."
8,Bienestar Social · Personas Adultas Mayores (PAM),2026,07,Zona 1,Esmeraldas,2.658489,TRUE,Dato real de julio 2026 (columna 'Presupuesto_hasta_julio_2026' del Excel VIS-VIE).
8,Bienestar Social · Personas Adultas Mayores (PAM),2025,12,Zona 5,Galápagos,0.211809,TRUE,"Acumulado real nov 2023-dic 2025 (columna 'acumulado 2023-2025' del Excel VIS-VIE), colocado como un solo bloque en dic-2025 porque el archivo no permite desagregar por mes."
8,Bienestar Social · Personas Adultas Mayores (PAM),2026,07,Zona 5,Galápagos,0.089621,TRUE,Dato real de julio 2026 (columna 'Presupuesto_hasta_julio_2026' del Excel VIS-VIE).
8,Bienestar Social · Personas Adultas Mayores (PAM),2025,12,Zona 5,Guayas,10.482173,TRUE,"Acumulado real nov 2023-dic 2025 (columna 'acumulado 2023-2025' del Excel VIS-VIE), colocado como un solo bloque en dic-2025 porque el archivo no permite desagregar por mes."
8,Bienestar Social · Personas Adultas Mayores (PAM),2026,07,Zona 5,Guayas,3.135853,TRUE,Dato real de julio 2026 (columna 'Presupuesto_hasta_julio_2026' del Excel VIS-VIE).
8,Bienestar Social · Personas Adultas Mayores (PAM),2025,12,Zona 1,Imbabura,6.136052,TRUE,"Acumulado real nov 2023-dic 2025 (columna 'acumulado 2023-2025' del Excel VIS-VIE), colocado como un solo bloque en dic-2025 porque el archivo no permite desagregar por mes."
8,Bienestar Social · Personas Adultas Mayores (PAM),2026,07,Zona 1,Imbabura,1.653961,TRUE,Dato real de julio 2026 (columna 'Presupuesto_hasta_julio_2026' del Excel VIS-VIE).
8,Bienestar Social · Personas Adultas Mayores (PAM),2025,12,Zona 7,Loja,8.415739,TRUE,"Acumulado real nov 2023-dic 2025 (columna 'acumulado 2023-2025' del Excel VIS-VIE), colocado como un solo bloque en dic-2025 porque el archivo no permite desagregar por mes."
8,Bienestar Social · Personas Adultas Mayores (PAM),2026,07,Zona 7,Loja,2.859397,TRUE,Dato real de julio 2026 (columna 'Presupuesto_hasta_julio_2026' del Excel VIS-VIE).
8,Bienestar Social · Personas Adultas Mayores (PAM),2025,12,Zona 5,Los Ríos,5.654912,TRUE,"Acumulado real nov 2023-dic 2025 (columna 'acumulado 2023-2025' del Excel VIS-VIE), colocado como un solo bloque en dic-2025 porque el archivo no permite desagregar por mes."
8,Bienestar Social · Personas Adultas Mayores (PAM),2026,07,Zona 5,Los Ríos,1.476906,TRUE,Dato real de julio 2026 (columna 'Presupuesto_hasta_julio_2026' del Excel VIS-VIE).
8,Bienestar Social · Personas Adultas Mayores (PAM),2025,12,Zona 4,Manabí,8.640474,TRUE,"Acumulado real nov 2023-dic 2025 (columna 'acumulado 2023-2025' del Excel VIS-VIE), colocado como un solo bloque en dic-2025 porque el archivo no permite desagregar por mes."
8,Bienestar Social · Personas Adultas Mayores (PAM),2026,07,Zona 4,Manabí,2.700657,TRUE,Dato real de julio 2026 (columna 'Presupuesto_hasta_julio_2026' del Excel VIS-VIE).
8,Bienestar Social · Personas Adultas Mayores (PAM),2025,12,Zona 6,Morona Santiago,3.240109,TRUE,"Acumulado real nov 2023-dic 2025 (columna 'acumulado 2023-2025' del Excel VIS-VIE), colocado como un solo bloque en dic-2025 porque el archivo no permite desagregar por mes."
8,Bienestar Social · Personas Adultas Mayores (PAM),2026,07,Zona 6,Morona Santiago,1.005774,TRUE,Dato real de julio 2026 (columna 'Presupuesto_hasta_julio_2026' del Excel VIS-VIE).
8,Bienestar Social · Personas Adultas Mayores (PAM),2025,12,Zona 2,Napo,1.615221,TRUE,"Acumulado real nov 2023-dic 2025 (columna 'acumulado 2023-2025' del Excel VIS-VIE), colocado como un solo bloque en dic-2025 porque el archivo no permite desagregar por mes."
8,Bienestar Social · Personas Adultas Mayores (PAM),2026,07,Zona 2,Napo,0.620133,TRUE,Dato real de julio 2026 (columna 'Presupuesto_hasta_julio_2026' del Excel VIS-VIE).
8,Bienestar Social · Personas Adultas Mayores (PAM),2025,12,Zona 2,Orellana,1.106839,TRUE,"Acumulado real nov 2023-dic 2025 (columna 'acumulado 2023-2025' del Excel VIS-VIE), colocado como un solo bloque en dic-2025 porque el archivo no permite desagregar por mes."
8,Bienestar Social · Personas Adultas Mayores (PAM),2026,07,Zona 2,Orellana,0.429205,TRUE,Dato real de julio 2026 (columna 'Presupuesto_hasta_julio_2026' del Excel VIS-VIE).
8,Bienestar Social · Personas Adultas Mayores (PAM),2025,12,Zona 3,Pastaza,1.075433,TRUE,"Acumulado real nov 2023-dic 2025 (columna 'acumulado 2023-2025' del Excel VIS-VIE), colocado como un solo bloque en dic-2025 porque el archivo no permite desagregar por mes."
8,Bienestar Social · Personas Adultas Mayores (PAM),2026,07,Zona 3,Pastaza,0.308629,TRUE,Dato real de julio 2026 (columna 'Presupuesto_hasta_julio_2026' del Excel VIS-VIE).
8,Bienestar Social · Personas Adultas Mayores (PAM),2025,12,Zona 2,Pichincha,10.923682,TRUE,"Acumulado real nov 2023-dic 2025 (columna 'acumulado 2023-2025' del Excel VIS-VIE), colocado como un solo bloque en dic-2025 porque el archivo no permite desagregar por mes."
8,Bienestar Social · Personas Adultas Mayores (PAM),2026,07,Zona 2,Pichincha,3.32147,TRUE,Dato real de julio 2026 (columna 'Presupuesto_hasta_julio_2026' del Excel VIS-VIE).
8,Bienestar Social · Personas Adultas Mayores (PAM),2025,12,Zona 5,Santa Elena,1.632834,TRUE,"Acumulado real nov 2023-dic 2025 (columna 'acumulado 2023-2025' del Excel VIS-VIE), colocado como un solo bloque en dic-2025 porque el archivo no permite desagregar por mes."
8,Bienestar Social · Personas Adultas Mayores (PAM),2026,07,Zona 5,Santa Elena,0.563667,TRUE,Dato real de julio 2026 (columna 'Presupuesto_hasta_julio_2026' del Excel VIS-VIE).
8,Bienestar Social · Personas Adultas Mayores (PAM),2025,12,Zona 4,Santo Domingo de los Tsáchilas,1.19327,TRUE,"Acumulado real nov 2023-dic 2025 (columna 'acumulado 2023-2025' del Excel VIS-VIE), colocado como un solo bloque en dic-2025 porque el archivo no permite desagregar por mes."
8,Bienestar Social · Personas Adultas Mayores (PAM),2026,07,Zona 4,Santo Domingo de los Tsáchilas,0.251928,TRUE,Dato real de julio 2026 (columna 'Presupuesto_hasta_julio_2026' del Excel VIS-VIE).
8,Bienestar Social · Personas Adultas Mayores (PAM),2025,12,Zona 1,Sucumbíos,2.064971,TRUE,"Acumulado real nov 2023-dic 2025 (columna 'acumulado 2023-2025' del Excel VIS-VIE), colocado como un solo bloque en dic-2025 porque el archivo no permite desagregar por mes."
8,Bienestar Social · Personas Adultas Mayores (PAM),2026,07,Zona 1,Sucumbíos,0.691455,TRUE,Dato real de julio 2026 (columna 'Presupuesto_hasta_julio_2026' del Excel VIS-VIE).
8,Bienestar Social · Personas Adultas Mayores (PAM),2025,12,Zona 3,Tungurahua,5.065462,TRUE,"Acumulado real nov 2023-dic 2025 (columna 'acumulado 2023-2025' del Excel VIS-VIE), colocado como un solo bloque en dic-2025 porque el archivo no permite desagregar por mes."
8,Bienestar Social · Personas Adultas Mayores (PAM),2026,07,Zona 3,Tungurahua,1.655157,TRUE,Dato real de julio 2026 (columna 'Presupuesto_hasta_julio_2026' del Excel VIS-VIE).
8,Bienestar Social · Personas Adultas Mayores (PAM),2025,12,Zona 7,Zamora Chinchipe,2.035321,TRUE,"Acumulado real nov 2023-dic 2025 (columna 'acumulado 2023-2025' del Excel VIS-VIE), colocado como un solo bloque en dic-2025 porque el archivo no permite desagregar por mes."
8,Bienestar Social · Personas Adultas Mayores (PAM),2026,07,Zona 7,Zamora Chinchipe,0.652653,TRUE,Dato real de julio 2026 (columna 'Presupuesto_hasta_julio_2026' del Excel VIS-VIE).
7,Bienestar Social · Personas con Discapacidad (PCD),2025,12,Zona 6,Azuay,2.545965,TRUE,"Acumulado real nov 2023-dic 2025 (columna 'acumulado 2023-2025' del Excel VIS-VIE), colocado como un solo bloque en dic-2025 porque el archivo no permite desagregar por mes."
7,Bienestar Social · Personas con Discapacidad (PCD),2026,07,Zona 6,Azuay,0.660988,TRUE,Dato real de julio 2026 (columna 'Presupuesto_hasta_julio_2026' del Excel VIS-VIE).
7,Bienestar Social · Personas con Discapacidad (PCD),2025,12,Zona 5,Bolívar,0.754831,TRUE,"Acumulado real nov 2023-dic 2025 (columna 'acumulado 2023-2025' del Excel VIS-VIE), colocado como un solo bloque en dic-2025 porque el archivo no permite desagregar por mes."
7,Bienestar Social · Personas con Discapacidad (PCD),2026,07,Zona 5,Bolívar,0.120059,TRUE,Dato real de julio 2026 (columna 'Presupuesto_hasta_julio_2026' del Excel VIS-VIE).
7,Bienestar Social · Personas con Discapacidad (PCD),2025,12,Zona 6,Cañar,1.048813,TRUE,"Acumulado real nov 2023-dic 2025 (columna 'acumulado 2023-2025' del Excel VIS-VIE), colocado como un solo bloque en dic-2025 porque el archivo no permite desagregar por mes."
7,Bienestar Social · Personas con Discapacidad (PCD),2026,07,Zona 6,Cañar,0.345929,TRUE,Dato real de julio 2026 (columna 'Presupuesto_hasta_julio_2026' del Excel VIS-VIE).
7,Bienestar Social · Personas con Discapacidad (PCD),2025,12,Zona 1,Carchi,0.390389,TRUE,"Acumulado real nov 2023-dic 2025 (columna 'acumulado 2023-2025' del Excel VIS-VIE), colocado como un solo bloque en dic-2025 porque el archivo no permite desagregar por mes."
7,Bienestar Social · Personas con Discapacidad (PCD),2026,07,Zona 1,Carchi,0.136201,TRUE,Dato real de julio 2026 (columna 'Presupuesto_hasta_julio_2026' del Excel VIS-VIE).
7,Bienestar Social · Personas con Discapacidad (PCD),2025,12,Zona 3,Chimborazo,1.96254,TRUE,"Acumulado real nov 2023-dic 2025 (columna 'acumulado 2023-2025' del Excel VIS-VIE), colocado como un solo bloque en dic-2025 porque el archivo no permite desagregar por mes."
7,Bienestar Social · Personas con Discapacidad (PCD),2026,07,Zona 3,Chimborazo,0.575083,TRUE,Dato real de julio 2026 (columna 'Presupuesto_hasta_julio_2026' del Excel VIS-VIE).
7,Bienestar Social · Personas con Discapacidad (PCD),2025,12,Zona 3,Cotopaxi,0.563533,TRUE,"Acumulado real nov 2023-dic 2025 (columna 'acumulado 2023-2025' del Excel VIS-VIE), colocado como un solo bloque en dic-2025 porque el archivo no permite desagregar por mes."
7,Bienestar Social · Personas con Discapacidad (PCD),2026,07,Zona 3,Cotopaxi,0.273063,TRUE,Dato real de julio 2026 (columna 'Presupuesto_hasta_julio_2026' del Excel VIS-VIE).
7,Bienestar Social · Personas con Discapacidad (PCD),2025,12,Zona 7,El Oro,1.888702,TRUE,"Acumulado real nov 2023-dic 2025 (columna 'acumulado 2023-2025' del Excel VIS-VIE), colocado como un solo bloque en dic-2025 porque el archivo no permite desagregar por mes."
7,Bienestar Social · Personas con Discapacidad (PCD),2026,07,Zona 7,El Oro,0.477846,TRUE,Dato real de julio 2026 (columna 'Presupuesto_hasta_julio_2026' del Excel VIS-VIE).
7,Bienestar Social · Personas con Discapacidad (PCD),2025,12,Zona 1,Esmeraldas,1.265502,TRUE,"Acumulado real nov 2023-dic 2025 (columna 'acumulado 2023-2025' del Excel VIS-VIE), colocado como un solo bloque en dic-2025 porque el archivo no permite desagregar por mes."
7,Bienestar Social · Personas con Discapacidad (PCD),2026,07,Zona 1,Esmeraldas,0.546873,TRUE,Dato real de julio 2026 (columna 'Presupuesto_hasta_julio_2026' del Excel VIS-VIE).
7,Bienestar Social · Personas con Discapacidad (PCD),2025,12,Zona 5,Galápagos,0.071962,TRUE,"Acumulado real nov 2023-dic 2025 (columna 'acumulado 2023-2025' del Excel VIS-VIE), colocado como un solo bloque en dic-2025 porque el archivo no permite desagregar por mes."
7,Bienestar Social · Personas con Discapacidad (PCD),2026,07,Zona 5,Galápagos,0.028058,TRUE,Dato real de julio 2026 (columna 'Presupuesto_hasta_julio_2026' del Excel VIS-VIE).
7,Bienestar Social · Personas con Discapacidad (PCD),2025,12,Zona 5,Guayas,6.822606,TRUE,"Acumulado real nov 2023-dic 2025 (columna 'acumulado 2023-2025' del Excel VIS-VIE), colocado como un solo bloque en dic-2025 porque el archivo no permite desagregar por mes."
7,Bienestar Social · Personas con Discapacidad (PCD),2026,07,Zona 5,Guayas,2.051608,TRUE,Dato real de julio 2026 (columna 'Presupuesto_hasta_julio_2026' del Excel VIS-VIE).
7,Bienestar Social · Personas con Discapacidad (PCD),2025,12,Zona 1,Imbabura,0.688422,TRUE,"Acumulado real nov 2023-dic 2025 (columna 'acumulado 2023-2025' del Excel VIS-VIE), colocado como un solo bloque en dic-2025 porque el archivo no permite desagregar por mes."
7,Bienestar Social · Personas con Discapacidad (PCD),2026,07,Zona 1,Imbabura,0.198144,TRUE,Dato real de julio 2026 (columna 'Presupuesto_hasta_julio_2026' del Excel VIS-VIE).
7,Bienestar Social · Personas con Discapacidad (PCD),2025,12,Zona 7,Loja,2.627661,TRUE,"Acumulado real nov 2023-dic 2025 (columna 'acumulado 2023-2025' del Excel VIS-VIE), colocado como un solo bloque en dic-2025 porque el archivo no permite desagregar por mes."
7,Bienestar Social · Personas con Discapacidad (PCD),2026,07,Zona 7,Loja,0.95264,TRUE,Dato real de julio 2026 (columna 'Presupuesto_hasta_julio_2026' del Excel VIS-VIE).
7,Bienestar Social · Personas con Discapacidad (PCD),2025,12,Zona 5,Los Ríos,2.133885,TRUE,"Acumulado real nov 2023-dic 2025 (columna 'acumulado 2023-2025' del Excel VIS-VIE), colocado como un solo bloque en dic-2025 porque el archivo no permite desagregar por mes."
7,Bienestar Social · Personas con Discapacidad (PCD),2026,07,Zona 5,Los Ríos,0.509468,TRUE,Dato real de julio 2026 (columna 'Presupuesto_hasta_julio_2026' del Excel VIS-VIE).
7,Bienestar Social · Personas con Discapacidad (PCD),2025,12,Zona 4,Manabí,4.339973,TRUE,"Acumulado real nov 2023-dic 2025 (columna 'acumulado 2023-2025' del Excel VIS-VIE), colocado como un solo bloque en dic-2025 porque el archivo no permite desagregar por mes."
7,Bienestar Social · Personas con Discapacidad (PCD),2026,07,Zona 4,Manabí,1.087273,TRUE,Dato real de julio 2026 (columna 'Presupuesto_hasta_julio_2026' del Excel VIS-VIE).
7,Bienestar Social · Personas con Discapacidad (PCD),2025,12,Zona 6,Morona Santiago,0.379928,TRUE,"Acumulado real nov 2023-dic 2025 (columna 'acumulado 2023-2025' del Excel VIS-VIE), colocado como un solo bloque en dic-2025 porque el archivo no permite desagregar por mes."
7,Bienestar Social · Personas con Discapacidad (PCD),2026,07,Zona 6,Morona Santiago,0.13151,TRUE,Dato real de julio 2026 (columna 'Presupuesto_hasta_julio_2026' del Excel VIS-VIE).
7,Bienestar Social · Personas con Discapacidad (PCD),2025,12,Zona 2,Napo,0.346727,TRUE,"Acumulado real nov 2023-dic 2025 (columna 'acumulado 2023-2025' del Excel VIS-VIE), colocado como un solo bloque en dic-2025 porque el archivo no permite desagregar por mes."
7,Bienestar Social · Personas con Discapacidad (PCD),2026,07,Zona 2,Napo,0.182753,TRUE,Dato real de julio 2026 (columna 'Presupuesto_hasta_julio_2026' del Excel VIS-VIE).
7,Bienestar Social · Personas con Discapacidad (PCD),2025,12,Zona 2,Orellana,0.597915,TRUE,"Acumulado real nov 2023-dic 2025 (columna 'acumulado 2023-2025' del Excel VIS-VIE), colocado como un solo bloque en dic-2025 porque el archivo no permite desagregar por mes."
7,Bienestar Social · Personas con Discapacidad (PCD),2026,07,Zona 2,Orellana,0.204301,TRUE,Dato real de julio 2026 (columna 'Presupuesto_hasta_julio_2026' del Excel VIS-VIE).
7,Bienestar Social · Personas con Discapacidad (PCD),2025,12,Zona 3,Pastaza,0.336621,TRUE,"Acumulado real nov 2023-dic 2025 (columna 'acumulado 2023-2025' del Excel VIS-VIE), colocado como un solo bloque en dic-2025 porque el archivo no permite desagregar por mes."
7,Bienestar Social · Personas con Discapacidad (PCD),2026,07,Zona 3,Pastaza,0.127708,TRUE,Dato real de julio 2026 (columna 'Presupuesto_hasta_julio_2026' del Excel VIS-VIE).
7,Bienestar Social · Personas con Discapacidad (PCD),2025,12,Zona 2,Pichincha,4.665374,TRUE,"Acumulado real nov 2023-dic 2025 (columna 'acumulado 2023-2025' del Excel VIS-VIE), colocado como un solo bloque en dic-2025 porque el archivo no permite desagregar por mes."
7,Bienestar Social · Personas con Discapacidad (PCD),2026,07,Zona 2,Pichincha,1.563457,TRUE,Dato real de julio 2026 (columna 'Presupuesto_hasta_julio_2026' del Excel VIS-VIE).
7,Bienestar Social · Personas con Discapacidad (PCD),2025,12,Zona 5,Santa Elena,0.697229,TRUE,"Acumulado real nov 2023-dic 2025 (columna 'acumulado 2023-2025' del Excel VIS-VIE), colocado como un solo bloque en dic-2025 porque el archivo no permite desagregar por mes."
7,Bienestar Social · Personas con Discapacidad (PCD),2026,07,Zona 5,Santa Elena,0.305274,TRUE,Dato real de julio 2026 (columna 'Presupuesto_hasta_julio_2026' del Excel VIS-VIE).
7,Bienestar Social · Personas con Discapacidad (PCD),2025,12,Zona 4,Santo Domingo de los Tsáchilas,1.064146,TRUE,"Acumulado real nov 2023-dic 2025 (columna 'acumulado 2023-2025' del Excel VIS-VIE), colocado como un solo bloque en dic-2025 porque el archivo no permite desagregar por mes."
7,Bienestar Social · Personas con Discapacidad (PCD),2026,07,Zona 4,Santo Domingo de los Tsáchilas,0.163139,TRUE,Dato real de julio 2026 (columna 'Presupuesto_hasta_julio_2026' del Excel VIS-VIE).
7,Bienestar Social · Personas con Discapacidad (PCD),2025,12,Zona 1,Sucumbíos,0.547205,TRUE,"Acumulado real nov 2023-dic 2025 (columna 'acumulado 2023-2025' del Excel VIS-VIE), colocado como un solo bloque en dic-2025 porque el archivo no permite desagregar por mes."
7,Bienestar Social · Personas con Discapacidad (PCD),2026,07,Zona 1,Sucumbíos,0.133298,TRUE,Dato real de julio 2026 (columna 'Presupuesto_hasta_julio_2026' del Excel VIS-VIE).
7,Bienestar Social · Personas con Discapacidad (PCD),2025,12,Zona 3,Tungurahua,1.715949,TRUE,"Acumulado real nov 2023-dic 2025 (columna 'acumulado 2023-2025' del Excel VIS-VIE), colocado como un solo bloque en dic-2025 porque el archivo no permite desagregar por mes."
7,Bienestar Social · Personas con Discapacidad (PCD),2026,07,Zona 3,Tungurahua,0.81856,TRUE,Dato real de julio 2026 (columna 'Presupuesto_hasta_julio_2026' del Excel VIS-VIE).
7,Bienestar Social · Personas con Discapacidad (PCD),2025,12,Zona 7,Zamora Chinchipe,1.411958,TRUE,"Acumulado real nov 2023-dic 2025 (columna 'acumulado 2023-2025' del Excel VIS-VIE), colocado como un solo bloque en dic-2025 porque el archivo no permite desagregar por mes."
7,Bienestar Social · Personas con Discapacidad (PCD),2026,07,Zona 7,Zamora Chinchipe,0.461122,TRUE,Dato real de julio 2026 (columna 'Presupuesto_hasta_julio_2026' del Excel VIS-VIE).
6,Bienestar Social · Protección Especial (PE),2025,12,Zona 6,Azuay,3.682216,TRUE,"Acumulado real nov 2023-dic 2025 (columna 'acumulado 2023-2025' del Excel VIS-VIE), colocado como un solo bloque en dic-2025 porque el archivo no permite desagregar por mes."
6,Bienestar Social · Protección Especial (PE),2026,07,Zona 6,Azuay,1.113327,TRUE,Dato real de julio 2026 (columna 'Presupuesto_hasta_julio_2026' del Excel VIS-VIE).
6,Bienestar Social · Protección Especial (PE),2025,12,Zona 5,Bolívar,1.134076,TRUE,"Acumulado real nov 2023-dic 2025 (columna 'acumulado 2023-2025' del Excel VIS-VIE), colocado como un solo bloque en dic-2025 porque el archivo no permite desagregar por mes."
6,Bienestar Social · Protección Especial (PE),2026,07,Zona 5,Bolívar,0.146871,TRUE,Dato real de julio 2026 (columna 'Presupuesto_hasta_julio_2026' del Excel VIS-VIE).
6,Bienestar Social · Protección Especial (PE),2025,12,Zona 6,Cañar,2.046894,TRUE,"Acumulado real nov 2023-dic 2025 (columna 'acumulado 2023-2025' del Excel VIS-VIE), colocado como un solo bloque en dic-2025 porque el archivo no permite desagregar por mes."
6,Bienestar Social · Protección Especial (PE),2026,07,Zona 6,Cañar,0.613426,TRUE,Dato real de julio 2026 (columna 'Presupuesto_hasta_julio_2026' del Excel VIS-VIE).
6,Bienestar Social · Protección Especial (PE),2025,12,Zona 1,Carchi,0.415849,TRUE,"Acumulado real nov 2023-dic 2025 (columna 'acumulado 2023-2025' del Excel VIS-VIE), colocado como un solo bloque en dic-2025 porque el archivo no permite desagregar por mes."
6,Bienestar Social · Protección Especial (PE),2026,07,Zona 1,Carchi,0.05637,TRUE,Dato real de julio 2026 (columna 'Presupuesto_hasta_julio_2026' del Excel VIS-VIE).
6,Bienestar Social · Protección Especial (PE),2025,12,Zona 3,Chimborazo,2.089474,TRUE,"Acumulado real nov 2023-dic 2025 (columna 'acumulado 2023-2025' del Excel VIS-VIE), colocado como un solo bloque en dic-2025 porque el archivo no permite desagregar por mes."
6,Bienestar Social · Protección Especial (PE),2026,07,Zona 3,Chimborazo,0.503175,TRUE,Dato real de julio 2026 (columna 'Presupuesto_hasta_julio_2026' del Excel VIS-VIE).
6,Bienestar Social · Protección Especial (PE),2025,12,Zona 3,Cotopaxi,1.182436,TRUE,"Acumulado real nov 2023-dic 2025 (columna 'acumulado 2023-2025' del Excel VIS-VIE), colocado como un solo bloque en dic-2025 porque el archivo no permite desagregar por mes."
6,Bienestar Social · Protección Especial (PE),2026,07,Zona 3,Cotopaxi,0.31741,TRUE,Dato real de julio 2026 (columna 'Presupuesto_hasta_julio_2026' del Excel VIS-VIE).
6,Bienestar Social · Protección Especial (PE),2025,12,Zona 7,El Oro,4.094833,TRUE,"Acumulado real nov 2023-dic 2025 (columna 'acumulado 2023-2025' del Excel VIS-VIE), colocado como un solo bloque en dic-2025 porque el archivo no permite desagregar por mes."
6,Bienestar Social · Protección Especial (PE),2026,07,Zona 7,El Oro,1.127188,TRUE,Dato real de julio 2026 (columna 'Presupuesto_hasta_julio_2026' del Excel VIS-VIE).
6,Bienestar Social · Protección Especial (PE),2025,12,Zona 1,Esmeraldas,2.383232,TRUE,"Acumulado real nov 2023-dic 2025 (columna 'acumulado 2023-2025' del Excel VIS-VIE), colocado como un solo bloque en dic-2025 porque el archivo no permite desagregar por mes."
6,Bienestar Social · Protección Especial (PE),2026,07,Zona 1,Esmeraldas,0.520949,TRUE,Dato real de julio 2026 (columna 'Presupuesto_hasta_julio_2026' del Excel VIS-VIE).
6,Bienestar Social · Protección Especial (PE),2025,12,Zona 5,Galápagos,0.04117,TRUE,"Acumulado real nov 2023-dic 2025 (columna 'acumulado 2023-2025' del Excel VIS-VIE), colocado como un solo bloque en dic-2025 porque el archivo no permite desagregar por mes."
6,Bienestar Social · Protección Especial (PE),2026,07,Zona 5,Galápagos,0.0,TRUE,Dato real de julio 2026 (columna 'Presupuesto_hasta_julio_2026' del Excel VIS-VIE).
6,Bienestar Social · Protección Especial (PE),2025,12,Zona 5,Guayas,10.267113,TRUE,"Acumulado real nov 2023-dic 2025 (columna 'acumulado 2023-2025' del Excel VIS-VIE), colocado como un solo bloque en dic-2025 porque el archivo no permite desagregar por mes."
6,Bienestar Social · Protección Especial (PE),2026,07,Zona 5,Guayas,2.524966,TRUE,Dato real de julio 2026 (columna 'Presupuesto_hasta_julio_2026' del Excel VIS-VIE).
6,Bienestar Social · Protección Especial (PE),2025,12,Zona 1,Imbabura,2.350175,TRUE,"Acumulado real nov 2023-dic 2025 (columna 'acumulado 2023-2025' del Excel VIS-VIE), colocado como un solo bloque en dic-2025 porque el archivo no permite desagregar por mes."
6,Bienestar Social · Protección Especial (PE),2026,07,Zona 1,Imbabura,0.428442,TRUE,Dato real de julio 2026 (columna 'Presupuesto_hasta_julio_2026' del Excel VIS-VIE).
6,Bienestar Social · Protección Especial (PE),2025,12,Zona 7,Loja,4.155574,TRUE,"Acumulado real nov 2023-dic 2025 (columna 'acumulado 2023-2025' del Excel VIS-VIE), colocado como un solo bloque en dic-2025 porque el archivo no permite desagregar por mes."
6,Bienestar Social · Protección Especial (PE),2026,07,Zona 7,Loja,1.033428,TRUE,Dato real de julio 2026 (columna 'Presupuesto_hasta_julio_2026' del Excel VIS-VIE).
6,Bienestar Social · Protección Especial (PE),2025,12,Zona 5,Los Ríos,1.906311,TRUE,"Acumulado real nov 2023-dic 2025 (columna 'acumulado 2023-2025' del Excel VIS-VIE), colocado como un solo bloque en dic-2025 porque el archivo no permite desagregar por mes."
6,Bienestar Social · Protección Especial (PE),2026,07,Zona 5,Los Ríos,0.588361,TRUE,Dato real de julio 2026 (columna 'Presupuesto_hasta_julio_2026' del Excel VIS-VIE).
6,Bienestar Social · Protección Especial (PE),2025,12,Zona 4,Manabí,3.129463,TRUE,"Acumulado real nov 2023-dic 2025 (columna 'acumulado 2023-2025' del Excel VIS-VIE), colocado como un solo bloque en dic-2025 porque el archivo no permite desagregar por mes."
6,Bienestar Social · Protección Especial (PE),2026,07,Zona 4,Manabí,0.68978,TRUE,Dato real de julio 2026 (columna 'Presupuesto_hasta_julio_2026' del Excel VIS-VIE).
6,Bienestar Social · Protección Especial (PE),2025,12,Zona 6,Morona Santiago,0.677051,TRUE,"Acumulado real nov 2023-dic 2025 (columna 'acumulado 2023-2025' del Excel VIS-VIE), colocado como un solo bloque en dic-2025 porque el archivo no permite desagregar por mes."
6,Bienestar Social · Protección Especial (PE),2026,07,Zona 6,Morona Santiago,0.18135,TRUE,Dato real de julio 2026 (columna 'Presupuesto_hasta_julio_2026' del Excel VIS-VIE).
6,Bienestar Social · Protección Especial (PE),2025,12,Zona 2,Napo,0.871735,TRUE,"Acumulado real nov 2023-dic 2025 (columna 'acumulado 2023-2025' del Excel VIS-VIE), colocado como un solo bloque en dic-2025 porque el archivo no permite desagregar por mes."
6,Bienestar Social · Protección Especial (PE),2026,07,Zona 2,Napo,0.290875,TRUE,Dato real de julio 2026 (columna 'Presupuesto_hasta_julio_2026' del Excel VIS-VIE).
6,Bienestar Social · Protección Especial (PE),2025,12,Zona 2,Orellana,0.307688,TRUE,"Acumulado real nov 2023-dic 2025 (columna 'acumulado 2023-2025' del Excel VIS-VIE), colocado como un solo bloque en dic-2025 porque el archivo no permite desagregar por mes."
6,Bienestar Social · Protección Especial (PE),2026,07,Zona 2,Orellana,0.116982,TRUE,Dato real de julio 2026 (columna 'Presupuesto_hasta_julio_2026' del Excel VIS-VIE).
6,Bienestar Social · Protección Especial (PE),2025,12,Zona 3,Pastaza,0.603252,TRUE,"Acumulado real nov 2023-dic 2025 (columna 'acumulado 2023-2025' del Excel VIS-VIE), colocado como un solo bloque en dic-2025 porque el archivo no permite desagregar por mes."
6,Bienestar Social · Protección Especial (PE),2026,07,Zona 3,Pastaza,0.271375,TRUE,Dato real de julio 2026 (columna 'Presupuesto_hasta_julio_2026' del Excel VIS-VIE).
6,Bienestar Social · Protección Especial (PE),2025,12,Zona 2,Pichincha,11.64519,TRUE,"Acumulado real nov 2023-dic 2025 (columna 'acumulado 2023-2025' del Excel VIS-VIE), colocado como un solo bloque en dic-2025 porque el archivo no permite desagregar por mes."
6,Bienestar Social · Protección Especial (PE),2026,07,Zona 2,Pichincha,3.22943,TRUE,Dato real de julio 2026 (columna 'Presupuesto_hasta_julio_2026' del Excel VIS-VIE).
6,Bienestar Social · Protección Especial (PE),2025,12,Zona 5,Santa Elena,1.565247,TRUE,"Acumulado real nov 2023-dic 2025 (columna 'acumulado 2023-2025' del Excel VIS-VIE), colocado como un solo bloque en dic-2025 porque el archivo no permite desagregar por mes."
6,Bienestar Social · Protección Especial (PE),2026,07,Zona 5,Santa Elena,0.361333,TRUE,Dato real de julio 2026 (columna 'Presupuesto_hasta_julio_2026' del Excel VIS-VIE).
6,Bienestar Social · Protección Especial (PE),2025,12,Zona 4,Santo Domingo de los Tsáchilas,3.098962,TRUE,"Acumulado real nov 2023-dic 2025 (columna 'acumulado 2023-2025' del Excel VIS-VIE), colocado como un solo bloque en dic-2025 porque el archivo no permite desagregar por mes."
6,Bienestar Social · Protección Especial (PE),2026,07,Zona 4,Santo Domingo de los Tsáchilas,0.742673,TRUE,Dato real de julio 2026 (columna 'Presupuesto_hasta_julio_2026' del Excel VIS-VIE).
6,Bienestar Social · Protección Especial (PE),2025,12,Zona 1,Sucumbíos,0.359327,TRUE,"Acumulado real nov 2023-dic 2025 (columna 'acumulado 2023-2025' del Excel VIS-VIE), colocado como un solo bloque en dic-2025 porque el archivo no permite desagregar por mes."
6,Bienestar Social · Protección Especial (PE),2026,07,Zona 1,Sucumbíos,0.150151,TRUE,Dato real de julio 2026 (columna 'Presupuesto_hasta_julio_2026' del Excel VIS-VIE).
6,Bienestar Social · Protección Especial (PE),2025,12,Zona 3,Tungurahua,3.013727,TRUE,"Acumulado real nov 2023-dic 2025 (columna 'acumulado 2023-2025' del Excel VIS-VIE), colocado como un solo bloque en dic-2025 porque el archivo no permite desagregar por mes."
6,Bienestar Social · Protección Especial (PE),2026,07,Zona 3,Tungurahua,0.755594,TRUE,Dato real de julio 2026 (columna 'Presupuesto_hasta_julio_2026' del Excel VIS-VIE).
6,Bienestar Social · Protección Especial (PE),2025,12,Zona 7,Zamora Chinchipe,0.824459,TRUE,"Acumulado real nov 2023-dic 2025 (columna 'acumulado 2023-2025' del Excel VIS-VIE), colocado como un solo bloque en dic-2025 porque el archivo no permite desagregar por mes."
6,Bienestar Social · Protección Especial (PE),2026,07,Zona 7,Zamora Chinchipe,0.245182,TRUE,Dato real de julio 2026 (columna 'Presupuesto_hasta_julio_2026' del Excel VIS-VIE).
