programa_slug,programa_nombre,anio,mes,fecha_desembolso,zona,provincia,beneficiarios,monto_ejecutado_musd,es_dato_real,nota
bdh,Bono de Desarrollo Humano (BDH),2025,12,,Zona 6,Azuay,0,29.514959,TRUE,"Acumulado real nov 2023-dic 2025 (columna 'acumulado 2023-2025' del Excel VIS-VIE), colocado como un solo bloque en dic-2025 porque el archivo no permite desagregar por mes. No incluye beneficiarios acumulados (el Excel no trae esa cifra para este periodo)."
bdh,Bono de Desarrollo Humano (BDH),2025,12,,Zona 5,Bolívar,0,16.795392,TRUE,"Acumulado real nov 2023-dic 2025 (columna 'acumulado 2023-2025' del Excel VIS-VIE), colocado como un solo bloque en dic-2025 porque el archivo no permite desagregar por mes. No incluye beneficiarios acumulados (el Excel no trae esa cifra para este periodo)."
bdh,Bono de Desarrollo Humano (BDH),2025,12,,Zona 6,Cañar,0,14.144846,TRUE,"Acumulado real nov 2023-dic 2025 (columna 'acumulado 2023-2025' del Excel VIS-VIE), colocado como un solo bloque en dic-2025 porque el archivo no permite desagregar por mes. No incluye beneficiarios acumulados (el Excel no trae esa cifra para este periodo)."
bdh,Bono de Desarrollo Humano (BDH),2025,12,,Zona 1,Carchi,0,10.806915,TRUE,"Acumulado real nov 2023-dic 2025 (columna 'acumulado 2023-2025' del Excel VIS-VIE), colocado como un solo bloque en dic-2025 porque el archivo no permite desagregar por mes. No incluye beneficiarios acumulados (el Excel no trae esa cifra para este periodo)."
bdh,Bono de Desarrollo Humano (BDH),2025,12,,Zona 3,Chimborazo,0,28.128333,TRUE,"Acumulado real nov 2023-dic 2025 (columna 'acumulado 2023-2025' del Excel VIS-VIE), colocado como un solo bloque en dic-2025 porque el archivo no permite desagregar por mes. No incluye beneficiarios acumulados (el Excel no trae esa cifra para este periodo)."
bdh,Bono de Desarrollo Humano (BDH),2025,12,,Zona 3,Cotopaxi,0,30.783116,TRUE,"Acumulado real nov 2023-dic 2025 (columna 'acumulado 2023-2025' del Excel VIS-VIE), colocado como un solo bloque en dic-2025 porque el archivo no permite desagregar por mes. No incluye beneficiarios acumulados (el Excel no trae esa cifra para este periodo)."
bdh,Bono de Desarrollo Humano (BDH),2025,12,,Zona 7,El Oro,0,25.942267,TRUE,"Acumulado real nov 2023-dic 2025 (columna 'acumulado 2023-2025' del Excel VIS-VIE), colocado como un solo bloque en dic-2025 porque el archivo no permite desagregar por mes. No incluye beneficiarios acumulados (el Excel no trae esa cifra para este periodo)."
bdh,Bono de Desarrollo Humano (BDH),2025,12,,Zona 1,Esmeraldas,0,44.331001,TRUE,"Acumulado real nov 2023-dic 2025 (columna 'acumulado 2023-2025' del Excel VIS-VIE), colocado como un solo bloque en dic-2025 porque el archivo no permite desagregar por mes. No incluye beneficiarios acumulados (el Excel no trae esa cifra para este periodo)."
bdh,Bono de Desarrollo Humano (BDH),2025,12,,Zona 5,Galápagos,0,0.043972,TRUE,"Acumulado real nov 2023-dic 2025 (columna 'acumulado 2023-2025' del Excel VIS-VIE), colocado como un solo bloque en dic-2025 porque el archivo no permite desagregar por mes. No incluye beneficiarios acumulados (el Excel no trae esa cifra para este periodo)."
bdh,Bono de Desarrollo Humano (BDH),2025,12,,Zona 5,Guayas,0,185.431028,TRUE,"Acumulado real nov 2023-dic 2025 (columna 'acumulado 2023-2025' del Excel VIS-VIE), colocado como un solo bloque en dic-2025 porque el archivo no permite desagregar por mes. No incluye beneficiarios acumulados (el Excel no trae esa cifra para este periodo)."
bdh,Bono de Desarrollo Humano (BDH),2025,12,,Zona 1,Imbabura,0,24.955733,TRUE,"Acumulado real nov 2023-dic 2025 (columna 'acumulado 2023-2025' del Excel VIS-VIE), colocado como un solo bloque en dic-2025 porque el archivo no permite desagregar por mes. No incluye beneficiarios acumulados (el Excel no trae esa cifra para este periodo)."
bdh,Bono de Desarrollo Humano (BDH),2025,12,,Zona 7,Loja,0,28.536606,TRUE,"Acumulado real nov 2023-dic 2025 (columna 'acumulado 2023-2025' del Excel VIS-VIE), colocado como un solo bloque en dic-2025 porque el archivo no permite desagregar por mes. No incluye beneficiarios acumulados (el Excel no trae esa cifra para este periodo)."
bdh,Bono de Desarrollo Humano (BDH),2025,12,,Zona 5,Los Ríos,0,79.881485,TRUE,"Acumulado real nov 2023-dic 2025 (columna 'acumulado 2023-2025' del Excel VIS-VIE), colocado como un solo bloque en dic-2025 porque el archivo no permite desagregar por mes. No incluye beneficiarios acumulados (el Excel no trae esa cifra para este periodo)."
bdh,Bono de Desarrollo Humano (BDH),2025,12,,Zona 4,Manabí,0,122.046783,TRUE,"Acumulado real nov 2023-dic 2025 (columna 'acumulado 2023-2025' del Excel VIS-VIE), colocado como un solo bloque en dic-2025 porque el archivo no permite desagregar por mes. No incluye beneficiarios acumulados (el Excel no trae esa cifra para este periodo)."
bdh,Bono de Desarrollo Humano (BDH),2025,12,,Zona 6,Morona Santiago,0,8.249386,TRUE,"Acumulado real nov 2023-dic 2025 (columna 'acumulado 2023-2025' del Excel VIS-VIE), colocado como un solo bloque en dic-2025 porque el archivo no permite desagregar por mes. No incluye beneficiarios acumulados (el Excel no trae esa cifra para este periodo)."
bdh,Bono de Desarrollo Humano (BDH),2025,12,,Zona 2,Napo,0,4.767536,TRUE,"Acumulado real nov 2023-dic 2025 (columna 'acumulado 2023-2025' del Excel VIS-VIE), colocado como un solo bloque en dic-2025 porque el archivo no permite desagregar por mes. No incluye beneficiarios acumulados (el Excel no trae esa cifra para este periodo)."
bdh,Bono de Desarrollo Humano (BDH),2025,12,,Zona 2,Orellana,0,7.453404,TRUE,"Acumulado real nov 2023-dic 2025 (columna 'acumulado 2023-2025' del Excel VIS-VIE), colocado como un solo bloque en dic-2025 porque el archivo no permite desagregar por mes. No incluye beneficiarios acumulados (el Excel no trae esa cifra para este periodo)."
bdh,Bono de Desarrollo Humano (BDH),2025,12,,Zona 3,Pastaza,0,2.826167,TRUE,"Acumulado real nov 2023-dic 2025 (columna 'acumulado 2023-2025' del Excel VIS-VIE), colocado como un solo bloque en dic-2025 porque el archivo no permite desagregar por mes. No incluye beneficiarios acumulados (el Excel no trae esa cifra para este periodo)."
bdh,Bono de Desarrollo Humano (BDH),2025,12,,Zona 2,Pichincha,0,44.034167,TRUE,"Acumulado real nov 2023-dic 2025 (columna 'acumulado 2023-2025' del Excel VIS-VIE), colocado como un solo bloque en dic-2025 porque el archivo no permite desagregar por mes. No incluye beneficiarios acumulados (el Excel no trae esa cifra para este periodo)."
bdh,Bono de Desarrollo Humano (BDH),2025,12,,Zona 5,Santa Elena,0,30.386085,TRUE,"Acumulado real nov 2023-dic 2025 (columna 'acumulado 2023-2025' del Excel VIS-VIE), colocado como un solo bloque en dic-2025 porque el archivo no permite desagregar por mes. No incluye beneficiarios acumulados (el Excel no trae esa cifra para este periodo)."
bdh,Bono de Desarrollo Humano (BDH),2025,12,,Zona 4,Santo Domingo de los Tsáchilas,0,25.613756,TRUE,"Acumulado real nov 2023-dic 2025 (columna 'acumulado 2023-2025' del Excel VIS-VIE), colocado como un solo bloque en dic-2025 porque el archivo no permite desagregar por mes. No incluye beneficiarios acumulados (el Excel no trae esa cifra para este periodo)."
bdh,Bono de Desarrollo Humano (BDH),2025,12,,Zona 1,Sucumbíos,0,9.76985,TRUE,"Acumulado real nov 2023-dic 2025 (columna 'acumulado 2023-2025' del Excel VIS-VIE), colocado como un solo bloque en dic-2025 porque el archivo no permite desagregar por mes. No incluye beneficiarios acumulados (el Excel no trae esa cifra para este periodo)."
bdh,Bono de Desarrollo Humano (BDH),2025,12,,Zona 3,Tungurahua,0,23.757108,TRUE,"Acumulado real nov 2023-dic 2025 (columna 'acumulado 2023-2025' del Excel VIS-VIE), colocado como un solo bloque en dic-2025 porque el archivo no permite desagregar por mes. No incluye beneficiarios acumulados (el Excel no trae esa cifra para este periodo)."
bdh,Bono de Desarrollo Humano (BDH),2025,12,,Zona 7,Zamora Chinchipe,0,4.024275,TRUE,"Acumulado real nov 2023-dic 2025 (columna 'acumulado 2023-2025' del Excel VIS-VIE), colocado como un solo bloque en dic-2025 porque el archivo no permite desagregar por mes. No incluye beneficiarios acumulados (el Excel no trae esa cifra para este periodo)."
bdh,Bono de Desarrollo Humano (BDH),2025,12,,No especificada,Zona en estudio,0,0.045464,TRUE,"Acumulado real nov 2023-dic 2025 (columna 'acumulado 2023-2025' del Excel VIS-VIE), colocado como un solo bloque en dic-2025 porque el archivo no permite desagregar por mes. No incluye beneficiarios acumulados (el Excel no trae esa cifra para este periodo)."
bdh,Bono de Desarrollo Humano (BDH),2026,07,2026-07-31,Zona 6,Azuay,21289,7.9555,TRUE,"Dato real: Acumulado_VIS-VIE_periodo_gobierno.xlsx, hoja 'provincial', julio 2026."
bdh,Bono de Desarrollo Humano (BDH),2026,07,2026-07-31,Zona 5,Bolívar,13494,5.0426,TRUE,"Dato real: Acumulado_VIS-VIE_periodo_gobierno.xlsx, hoja 'provincial', julio 2026."
bdh,Bono de Desarrollo Humano (BDH),2026,07,2026-07-31,Zona 6,Cañar,10622,3.9694,TRUE,"Dato real: Acumulado_VIS-VIE_periodo_gobierno.xlsx, hoja 'provincial', julio 2026."
bdh,Bono de Desarrollo Humano (BDH),2026,07,2026-07-31,Zona 1,Carchi,8765,3.2754,TRUE,"Dato real: Acumulado_VIS-VIE_periodo_gobierno.xlsx, hoja 'provincial', julio 2026."
bdh,Bono de Desarrollo Humano (BDH),2026,07,2026-07-31,Zona 3,Chimborazo,24184,9.0374,TRUE,"Dato real: Acumulado_VIS-VIE_periodo_gobierno.xlsx, hoja 'provincial', julio 2026."
bdh,Bono de Desarrollo Humano (BDH),2026,07,2026-07-31,Zona 3,Cotopaxi,24114,9.0112,TRUE,"Dato real: Acumulado_VIS-VIE_periodo_gobierno.xlsx, hoja 'provincial', julio 2026."
bdh,Bono de Desarrollo Humano (BDH),2026,07,2026-07-31,Zona 7,El Oro,18170,6.79,TRUE,"Dato real: Acumulado_VIS-VIE_periodo_gobierno.xlsx, hoja 'provincial', julio 2026."
bdh,Bono de Desarrollo Humano (BDH),2026,07,2026-07-31,Zona 1,Esmeraldas,26876,10.0434,TRUE,"Dato real: Acumulado_VIS-VIE_periodo_gobierno.xlsx, hoja 'provincial', julio 2026."
bdh,Bono de Desarrollo Humano (BDH),2026,07,2026-07-31,Zona 5,Galápagos,31,0.0116,TRUE,"Dato real: Acumulado_VIS-VIE_periodo_gobierno.xlsx, hoja 'provincial', julio 2026."
bdh,Bono de Desarrollo Humano (BDH),2026,07,2026-07-31,Zona 5,Guayas,116183,43.4167,TRUE,"Dato real: Acumulado_VIS-VIE_periodo_gobierno.xlsx, hoja 'provincial', julio 2026."
bdh,Bono de Desarrollo Humano (BDH),2026,07,2026-07-31,Zona 1,Imbabura,18848,7.0434,TRUE,"Dato real: Acumulado_VIS-VIE_periodo_gobierno.xlsx, hoja 'provincial', julio 2026."
bdh,Bono de Desarrollo Humano (BDH),2026,07,2026-07-31,Zona 7,Loja,20055,7.4944,TRUE,"Dato real: Acumulado_VIS-VIE_periodo_gobierno.xlsx, hoja 'provincial', julio 2026."
bdh,Bono de Desarrollo Humano (BDH),2026,07,2026-07-31,Zona 5,Los Ríos,51795,19.3554,TRUE,"Dato real: Acumulado_VIS-VIE_periodo_gobierno.xlsx, hoja 'provincial', julio 2026."
bdh,Bono de Desarrollo Humano (BDH),2026,07,2026-07-31,Zona 4,Manabí,84121,31.4354,TRUE,"Dato real: Acumulado_VIS-VIE_periodo_gobierno.xlsx, hoja 'provincial', julio 2026."
bdh,Bono de Desarrollo Humano (BDH),2026,07,2026-07-31,Zona 6,Morona Santiago,8356,3.1226,TRUE,"Dato real: Acumulado_VIS-VIE_periodo_gobierno.xlsx, hoja 'provincial', julio 2026."
bdh,Bono de Desarrollo Humano (BDH),2026,07,2026-07-31,Zona 2,Napo,6614,2.4716,TRUE,"Dato real: Acumulado_VIS-VIE_periodo_gobierno.xlsx, hoja 'provincial', julio 2026."
bdh,Bono de Desarrollo Humano (BDH),2026,07,2026-07-31,Zona 2,Orellana,5943,2.2209,TRUE,"Dato real: Acumulado_VIS-VIE_periodo_gobierno.xlsx, hoja 'provincial', julio 2026."
bdh,Bono de Desarrollo Humano (BDH),2026,07,2026-07-31,Zona 3,Pastaza,2883,1.0774,TRUE,"Dato real: Acumulado_VIS-VIE_periodo_gobierno.xlsx, hoja 'provincial', julio 2026."
bdh,Bono de Desarrollo Humano (BDH),2026,07,2026-07-31,Zona 2,Pichincha,30810,11.5135,TRUE,"Dato real: Acumulado_VIS-VIE_periodo_gobierno.xlsx, hoja 'provincial', julio 2026."
bdh,Bono de Desarrollo Humano (BDH),2026,07,2026-07-31,Zona 5,Santa Elena,20481,7.6536,TRUE,"Dato real: Acumulado_VIS-VIE_periodo_gobierno.xlsx, hoja 'provincial', julio 2026."
bdh,Bono de Desarrollo Humano (BDH),2026,07,2026-07-31,Zona 4,Santo Domingo de los Tsáchilas,18067,6.7515,TRUE,"Dato real: Acumulado_VIS-VIE_periodo_gobierno.xlsx, hoja 'provincial', julio 2026."
bdh,Bono de Desarrollo Humano (BDH),2026,07,2026-07-31,Zona 1,Sucumbíos,7059,2.6379,TRUE,"Dato real: Acumulado_VIS-VIE_periodo_gobierno.xlsx, hoja 'provincial', julio 2026."
bdh,Bono de Desarrollo Humano (BDH),2026,07,2026-07-31,Zona 3,Tungurahua,19104,7.139,TRUE,"Dato real: Acumulado_VIS-VIE_periodo_gobierno.xlsx, hoja 'provincial', julio 2026."
bdh,Bono de Desarrollo Humano (BDH),2026,07,2026-07-31,Zona 7,Zamora Chinchipe,3483,1.3016,TRUE,"Dato real: Acumulado_VIS-VIE_periodo_gobierno.xlsx, hoja 'provincial', julio 2026."
bdh,Bono de Desarrollo Humano (BDH),2026,07,2026-07-31,No especificada,Zona en estudio,89,0.0333,TRUE,"Dato real: Acumulado_VIS-VIE_periodo_gobierno.xlsx, hoja 'provincial', julio 2026."
bdhv,Bono de Desarrollo Humano con Componente Variable (BDHV),2025,12,,Zona 6,Azuay,0,17.617103,TRUE,"Acumulado real nov 2023-dic 2025 (columna 'acumulado 2023-2025' del Excel VIS-VIE), colocado como un solo bloque en dic-2025 porque el archivo no permite desagregar por mes. No incluye beneficiarios acumulados (el Excel no trae esa cifra para este periodo)."
bdhv,Bono de Desarrollo Humano con Componente Variable (BDHV),2025,12,,Zona 5,Bolívar,0,18.297756,TRUE,"Acumulado real nov 2023-dic 2025 (columna 'acumulado 2023-2025' del Excel VIS-VIE), colocado como un solo bloque en dic-2025 porque el archivo no permite desagregar por mes. No incluye beneficiarios acumulados (el Excel no trae esa cifra para este periodo)."
bdhv,Bono de Desarrollo Humano con Componente Variable (BDHV),2025,12,,Zona 6,Cañar,0,8.040476,TRUE,"Acumulado real nov 2023-dic 2025 (columna 'acumulado 2023-2025' del Excel VIS-VIE), colocado como un solo bloque en dic-2025 porque el archivo no permite desagregar por mes. No incluye beneficiarios acumulados (el Excel no trae esa cifra para este periodo)."
bdhv,Bono de Desarrollo Humano con Componente Variable (BDHV),2025,12,,Zona 1,Carchi,0,7.735797,TRUE,"Acumulado real nov 2023-dic 2025 (columna 'acumulado 2023-2025' del Excel VIS-VIE), colocado como un solo bloque en dic-2025 porque el archivo no permite desagregar por mes. No incluye beneficiarios acumulados (el Excel no trae esa cifra para este periodo)."
bdhv,Bono de Desarrollo Humano con Componente Variable (BDHV),2025,12,,Zona 3,Chimborazo,0,32.506969,TRUE,"Acumulado real nov 2023-dic 2025 (columna 'acumulado 2023-2025' del Excel VIS-VIE), colocado como un solo bloque en dic-2025 porque el archivo no permite desagregar por mes. No incluye beneficiarios acumulados (el Excel no trae esa cifra para este periodo)."
bdhv,Bono de Desarrollo Humano con Componente Variable (BDHV),2025,12,,Zona 3,Cotopaxi,0,28.493946,TRUE,"Acumulado real nov 2023-dic 2025 (columna 'acumulado 2023-2025' del Excel VIS-VIE), colocado como un solo bloque en dic-2025 porque el archivo no permite desagregar por mes. No incluye beneficiarios acumulados (el Excel no trae esa cifra para este periodo)."
bdhv,Bono de Desarrollo Humano con Componente Variable (BDHV),2025,12,,Zona 7,El Oro,0,11.137962,TRUE,"Acumulado real nov 2023-dic 2025 (columna 'acumulado 2023-2025' del Excel VIS-VIE), colocado como un solo bloque en dic-2025 porque el archivo no permite desagregar por mes. No incluye beneficiarios acumulados (el Excel no trae esa cifra para este periodo)."
bdhv,Bono de Desarrollo Humano con Componente Variable (BDHV),2025,12,,Zona 1,Esmeraldas,0,51.961483,TRUE,"Acumulado real nov 2023-dic 2025 (columna 'acumulado 2023-2025' del Excel VIS-VIE), colocado como un solo bloque en dic-2025 porque el archivo no permite desagregar por mes. No incluye beneficiarios acumulados (el Excel no trae esa cifra para este periodo)."
bdhv,Bono de Desarrollo Humano con Componente Variable (BDHV),2025,12,,Zona 5,Galápagos,0,0.012455,TRUE,"Acumulado real nov 2023-dic 2025 (columna 'acumulado 2023-2025' del Excel VIS-VIE), colocado como un solo bloque en dic-2025 porque el archivo no permite desagregar por mes. No incluye beneficiarios acumulados (el Excel no trae esa cifra para este periodo)."
bdhv,Bono de Desarrollo Humano con Componente Variable (BDHV),2025,12,,Zona 5,Guayas,0,76.278652,TRUE,"Acumulado real nov 2023-dic 2025 (columna 'acumulado 2023-2025' del Excel VIS-VIE), colocado como un solo bloque en dic-2025 porque el archivo no permite desagregar por mes. No incluye beneficiarios acumulados (el Excel no trae esa cifra para este periodo)."
bdhv,Bono de Desarrollo Humano con Componente Variable (BDHV),2025,12,,Zona 1,Imbabura,0,23.502977,TRUE,"Acumulado real nov 2023-dic 2025 (columna 'acumulado 2023-2025' del Excel VIS-VIE), colocado como un solo bloque en dic-2025 porque el archivo no permite desagregar por mes. No incluye beneficiarios acumulados (el Excel no trae esa cifra para este periodo)."
bdhv,Bono de Desarrollo Humano con Componente Variable (BDHV),2025,12,,Zona 7,Loja,0,22.921512,TRUE,"Acumulado real nov 2023-dic 2025 (columna 'acumulado 2023-2025' del Excel VIS-VIE), colocado como un solo bloque en dic-2025 porque el archivo no permite desagregar por mes. No incluye beneficiarios acumulados (el Excel no trae esa cifra para este periodo)."
bdhv,Bono de Desarrollo Humano con Componente Variable (BDHV),2025,12,,Zona 5,Los Ríos,0,40.66627,TRUE,"Acumulado real nov 2023-dic 2025 (columna 'acumulado 2023-2025' del Excel VIS-VIE), colocado como un solo bloque en dic-2025 porque el archivo no permite desagregar por mes. No incluye beneficiarios acumulados (el Excel no trae esa cifra para este periodo)."
bdhv,Bono de Desarrollo Humano con Componente Variable (BDHV),2025,12,,Zona 4,Manabí,0,70.93541,TRUE,"Acumulado real nov 2023-dic 2025 (columna 'acumulado 2023-2025' del Excel VIS-VIE), colocado como un solo bloque en dic-2025 porque el archivo no permite desagregar por mes. No incluye beneficiarios acumulados (el Excel no trae esa cifra para este periodo)."
bdhv,Bono de Desarrollo Humano con Componente Variable (BDHV),2025,12,,Zona 6,Morona Santiago,0,30.913059,TRUE,"Acumulado real nov 2023-dic 2025 (columna 'acumulado 2023-2025' del Excel VIS-VIE), colocado como un solo bloque en dic-2025 porque el archivo no permite desagregar por mes. No incluye beneficiarios acumulados (el Excel no trae esa cifra para este periodo)."
bdhv,Bono de Desarrollo Humano con Componente Variable (BDHV),2025,12,,Zona 2,Napo,0,16.627715,TRUE,"Acumulado real nov 2023-dic 2025 (columna 'acumulado 2023-2025' del Excel VIS-VIE), colocado como un solo bloque en dic-2025 porque el archivo no permite desagregar por mes. No incluye beneficiarios acumulados (el Excel no trae esa cifra para este periodo)."
bdhv,Bono de Desarrollo Humano con Componente Variable (BDHV),2025,12,,Zona 2,Orellana,0,15.054992,TRUE,"Acumulado real nov 2023-dic 2025 (columna 'acumulado 2023-2025' del Excel VIS-VIE), colocado como un solo bloque en dic-2025 porque el archivo no permite desagregar por mes. No incluye beneficiarios acumulados (el Excel no trae esa cifra para este periodo)."
bdhv,Bono de Desarrollo Humano con Componente Variable (BDHV),2025,12,,Zona 3,Pastaza,0,10.047605,TRUE,"Acumulado real nov 2023-dic 2025 (columna 'acumulado 2023-2025' del Excel VIS-VIE), colocado como un solo bloque en dic-2025 porque el archivo no permite desagregar por mes. No incluye beneficiarios acumulados (el Excel no trae esa cifra para este periodo)."
bdhv,Bono de Desarrollo Humano con Componente Variable (BDHV),2025,12,,Zona 2,Pichincha,0,26.614192,TRUE,"Acumulado real nov 2023-dic 2025 (columna 'acumulado 2023-2025' del Excel VIS-VIE), colocado como un solo bloque en dic-2025 porque el archivo no permite desagregar por mes. No incluye beneficiarios acumulados (el Excel no trae esa cifra para este periodo)."
bdhv,Bono de Desarrollo Humano con Componente Variable (BDHV),2025,12,,Zona 5,Santa Elena,0,19.487265,TRUE,"Acumulado real nov 2023-dic 2025 (columna 'acumulado 2023-2025' del Excel VIS-VIE), colocado como un solo bloque en dic-2025 porque el archivo no permite desagregar por mes. No incluye beneficiarios acumulados (el Excel no trae esa cifra para este periodo)."
bdhv,Bono de Desarrollo Humano con Componente Variable (BDHV),2025,12,,Zona 4,Santo Domingo de los Tsáchilas,0,16.217673,TRUE,"Acumulado real nov 2023-dic 2025 (columna 'acumulado 2023-2025' del Excel VIS-VIE), colocado como un solo bloque en dic-2025 porque el archivo no permite desagregar por mes. No incluye beneficiarios acumulados (el Excel no trae esa cifra para este periodo)."
bdhv,Bono de Desarrollo Humano con Componente Variable (BDHV),2025,12,,Zona 1,Sucumbíos,0,12.831593,TRUE,"Acumulado real nov 2023-dic 2025 (columna 'acumulado 2023-2025' del Excel VIS-VIE), colocado como un solo bloque en dic-2025 porque el archivo no permite desagregar por mes. No incluye beneficiarios acumulados (el Excel no trae esa cifra para este periodo)."
bdhv,Bono de Desarrollo Humano con Componente Variable (BDHV),2025,12,,Zona 3,Tungurahua,0,15.286799,TRUE,"Acumulado real nov 2023-dic 2025 (columna 'acumulado 2023-2025' del Excel VIS-VIE), colocado como un solo bloque en dic-2025 porque el archivo no permite desagregar por mes. No incluye beneficiarios acumulados (el Excel no trae esa cifra para este periodo)."
bdhv,Bono de Desarrollo Humano con Componente Variable (BDHV),2025,12,,Zona 7,Zamora Chinchipe,0,6.386705,TRUE,"Acumulado real nov 2023-dic 2025 (columna 'acumulado 2023-2025' del Excel VIS-VIE), colocado como un solo bloque en dic-2025 porque el archivo no permite desagregar por mes. No incluye beneficiarios acumulados (el Excel no trae esa cifra para este periodo)."
bdhv,Bono de Desarrollo Humano con Componente Variable (BDHV),2025,12,,No especificada,Zona en estudio,0,0.035956,TRUE,"Acumulado real nov 2023-dic 2025 (columna 'acumulado 2023-2025' del Excel VIS-VIE), colocado como un solo bloque en dic-2025 porque el archivo no permite desagregar por mes. No incluye beneficiarios acumulados (el Excel no trae esa cifra para este periodo)."
bdhv,Bono de Desarrollo Humano con Componente Variable (BDHV),2026,07,2026-07-31,Zona 6,Azuay,10586,4.5146,TRUE,"Dato real: Acumulado_VIS-VIE_periodo_gobierno.xlsx, hoja 'provincial', julio 2026."
bdhv,Bono de Desarrollo Humano con Componente Variable (BDHV),2026,07,2026-07-31,Zona 5,Bolívar,8782,3.7453,TRUE,"Dato real: Acumulado_VIS-VIE_periodo_gobierno.xlsx, hoja 'provincial', julio 2026."
bdhv,Bono de Desarrollo Humano con Componente Variable (BDHV),2026,07,2026-07-31,Zona 6,Cañar,4417,1.8837,TRUE,"Dato real: Acumulado_VIS-VIE_periodo_gobierno.xlsx, hoja 'provincial', julio 2026."
bdhv,Bono de Desarrollo Humano con Componente Variable (BDHV),2026,07,2026-07-31,Zona 1,Carchi,3892,1.6598,TRUE,"Dato real: Acumulado_VIS-VIE_periodo_gobierno.xlsx, hoja 'provincial', julio 2026."
bdhv,Bono de Desarrollo Humano con Componente Variable (BDHV),2026,07,2026-07-31,Zona 3,Chimborazo,14563,6.2107,TRUE,"Dato real: Acumulado_VIS-VIE_periodo_gobierno.xlsx, hoja 'provincial', julio 2026."
bdhv,Bono de Desarrollo Humano con Componente Variable (BDHV),2026,07,2026-07-31,Zona 3,Cotopaxi,14582,6.2188,TRUE,"Dato real: Acumulado_VIS-VIE_periodo_gobierno.xlsx, hoja 'provincial', julio 2026."
bdhv,Bono de Desarrollo Humano con Componente Variable (BDHV),2026,07,2026-07-31,Zona 7,El Oro,9001,3.8387,TRUE,"Dato real: Acumulado_VIS-VIE_periodo_gobierno.xlsx, hoja 'provincial', julio 2026."
bdhv,Bono de Desarrollo Humano con Componente Variable (BDHV),2026,07,2026-07-31,Zona 1,Esmeraldas,43063,18.3651,TRUE,"Dato real: Acumulado_VIS-VIE_periodo_gobierno.xlsx, hoja 'provincial', julio 2026."
bdhv,Bono de Desarrollo Humano con Componente Variable (BDHV),2026,07,2026-07-31,Zona 5,Galápagos,162,0.0691,TRUE,"Dato real: Acumulado_VIS-VIE_periodo_gobierno.xlsx, hoja 'provincial', julio 2026."
bdhv,Bono de Desarrollo Humano con Componente Variable (BDHV),2026,07,2026-07-31,Zona 5,Guayas,78400,33.4354,TRUE,"Dato real: Acumulado_VIS-VIE_periodo_gobierno.xlsx, hoja 'provincial', julio 2026."
bdhv,Bono de Desarrollo Humano con Componente Variable (BDHV),2026,07,2026-07-31,Zona 1,Imbabura,14478,6.1745,TRUE,"Dato real: Acumulado_VIS-VIE_periodo_gobierno.xlsx, hoja 'provincial', julio 2026."
bdhv,Bono de Desarrollo Humano con Componente Variable (BDHV),2026,07,2026-07-31,Zona 7,Loja,15261,6.5084,TRUE,"Dato real: Acumulado_VIS-VIE_periodo_gobierno.xlsx, hoja 'provincial', julio 2026."
bdhv,Bono de Desarrollo Humano con Componente Variable (BDHV),2026,07,2026-07-31,Zona 5,Los Ríos,30752,13.1149,TRUE,"Dato real: Acumulado_VIS-VIE_periodo_gobierno.xlsx, hoja 'provincial', julio 2026."
bdhv,Bono de Desarrollo Humano con Componente Variable (BDHV),2026,07,2026-07-31,Zona 4,Manabí,52579,22.4234,TRUE,"Dato real: Acumulado_VIS-VIE_periodo_gobierno.xlsx, hoja 'provincial', julio 2026."
bdhv,Bono de Desarrollo Humano con Componente Variable (BDHV),2026,07,2026-07-31,Zona 6,Morona Santiago,14978,6.3877,TRUE,"Dato real: Acumulado_VIS-VIE_periodo_gobierno.xlsx, hoja 'provincial', julio 2026."
bdhv,Bono de Desarrollo Humano con Componente Variable (BDHV),2026,07,2026-07-31,Zona 2,Napo,6559,2.7972,TRUE,"Dato real: Acumulado_VIS-VIE_periodo_gobierno.xlsx, hoja 'provincial', julio 2026."
bdhv,Bono de Desarrollo Humano con Componente Variable (BDHV),2026,07,2026-07-31,Zona 2,Orellana,9138,3.8971,TRUE,"Dato real: Acumulado_VIS-VIE_periodo_gobierno.xlsx, hoja 'provincial', julio 2026."
bdhv,Bono de Desarrollo Humano con Componente Variable (BDHV),2026,07,2026-07-31,Zona 3,Pastaza,5625,2.3989,TRUE,"Dato real: Acumulado_VIS-VIE_periodo_gobierno.xlsx, hoja 'provincial', julio 2026."
bdhv,Bono de Desarrollo Humano con Componente Variable (BDHV),2026,07,2026-07-31,Zona 2,Pichincha,28170,12.0137,TRUE,"Dato real: Acumulado_VIS-VIE_periodo_gobierno.xlsx, hoja 'provincial', julio 2026."
bdhv,Bono de Desarrollo Humano con Componente Variable (BDHV),2026,07,2026-07-31,Zona 5,Santa Elena,13965,5.9557,TRUE,"Dato real: Acumulado_VIS-VIE_periodo_gobierno.xlsx, hoja 'provincial', julio 2026."
bdhv,Bono de Desarrollo Humano con Componente Variable (BDHV),2026,07,2026-07-31,Zona 4,Santo Domingo de los Tsáchilas,10698,4.5624,TRUE,"Dato real: Acumulado_VIS-VIE_periodo_gobierno.xlsx, hoja 'provincial', julio 2026."
bdhv,Bono de Desarrollo Humano con Componente Variable (BDHV),2026,07,2026-07-31,Zona 1,Sucumbíos,9773,4.1679,TRUE,"Dato real: Acumulado_VIS-VIE_periodo_gobierno.xlsx, hoja 'provincial', julio 2026."
bdhv,Bono de Desarrollo Humano con Componente Variable (BDHV),2026,07,2026-07-31,Zona 3,Tungurahua,7616,3.248,TRUE,"Dato real: Acumulado_VIS-VIE_periodo_gobierno.xlsx, hoja 'provincial', julio 2026."
bdhv,Bono de Desarrollo Humano con Componente Variable (BDHV),2026,07,2026-07-31,Zona 7,Zamora Chinchipe,4028,1.7178,TRUE,"Dato real: Acumulado_VIS-VIE_periodo_gobierno.xlsx, hoja 'provincial', julio 2026."
bdhv,Bono de Desarrollo Humano con Componente Variable (BDHV),2026,07,2026-07-31,No especificada,Zona en estudio,181,0.0772,TRUE,"Dato real: Acumulado_VIS-VIE_periodo_gobierno.xlsx, hoja 'provincial', julio 2026."
bono-1000-dias,Bono 1000 Días,2025,12,,Zona 6,Azuay,0,4.636337,TRUE,"Acumulado real nov 2023-dic 2025 (columna 'acumulado 2023-2025' del Excel VIS-VIE), colocado como un solo bloque en dic-2025 porque el archivo no permite desagregar por mes. No incluye beneficiarios acumulados (el Excel no trae esa cifra para este periodo)."
bono-1000-dias,Bono 1000 Días,2025,12,,Zona 5,Bolívar,0,2.742797,TRUE,"Acumulado real nov 2023-dic 2025 (columna 'acumulado 2023-2025' del Excel VIS-VIE), colocado como un solo bloque en dic-2025 porque el archivo no permite desagregar por mes. No incluye beneficiarios acumulados (el Excel no trae esa cifra para este periodo)."
bono-1000-dias,Bono 1000 Días,2025,12,,Zona 6,Cañar,0,2.226397,TRUE,"Acumulado real nov 2023-dic 2025 (columna 'acumulado 2023-2025' del Excel VIS-VIE), colocado como un solo bloque en dic-2025 porque el archivo no permite desagregar por mes. No incluye beneficiarios acumulados (el Excel no trae esa cifra para este periodo)."
bono-1000-dias,Bono 1000 Días,2025,12,,Zona 1,Carchi,0,1.716444,TRUE,"Acumulado real nov 2023-dic 2025 (columna 'acumulado 2023-2025' del Excel VIS-VIE), colocado como un solo bloque en dic-2025 porque el archivo no permite desagregar por mes. No incluye beneficiarios acumulados (el Excel no trae esa cifra para este periodo)."
bono-1000-dias,Bono 1000 Días,2025,12,,Zona 3,Chimborazo,0,4.622841,TRUE,"Acumulado real nov 2023-dic 2025 (columna 'acumulado 2023-2025' del Excel VIS-VIE), colocado como un solo bloque en dic-2025 porque el archivo no permite desagregar por mes. No incluye beneficiarios acumulados (el Excel no trae esa cifra para este periodo)."
bono-1000-dias,Bono 1000 Días,2025,12,,Zona 3,Cotopaxi,0,5.653608,TRUE,"Acumulado real nov 2023-dic 2025 (columna 'acumulado 2023-2025' del Excel VIS-VIE), colocado como un solo bloque en dic-2025 porque el archivo no permite desagregar por mes. No incluye beneficiarios acumulados (el Excel no trae esa cifra para este periodo)."
bono-1000-dias,Bono 1000 Días,2025,12,,Zona 7,El Oro,0,6.658803,TRUE,"Acumulado real nov 2023-dic 2025 (columna 'acumulado 2023-2025' del Excel VIS-VIE), colocado como un solo bloque en dic-2025 porque el archivo no permite desagregar por mes. No incluye beneficiarios acumulados (el Excel no trae esa cifra para este periodo)."
bono-1000-dias,Bono 1000 Días,2025,12,,Zona 1,Esmeraldas,0,10.845859,TRUE,"Acumulado real nov 2023-dic 2025 (columna 'acumulado 2023-2025' del Excel VIS-VIE), colocado como un solo bloque en dic-2025 porque el archivo no permite desagregar por mes. No incluye beneficiarios acumulados (el Excel no trae esa cifra para este periodo)."
bono-1000-dias,Bono 1000 Días,2025,12,,Zona 5,Galápagos,0,0.014233,TRUE,"Acumulado real nov 2023-dic 2025 (columna 'acumulado 2023-2025' del Excel VIS-VIE), colocado como un solo bloque en dic-2025 porque el archivo no permite desagregar por mes. No incluye beneficiarios acumulados (el Excel no trae esa cifra para este periodo)."
bono-1000-dias,Bono 1000 Días,2025,12,,Zona 5,Guayas,0,43.403266,TRUE,"Acumulado real nov 2023-dic 2025 (columna 'acumulado 2023-2025' del Excel VIS-VIE), colocado como un solo bloque en dic-2025 porque el archivo no permite desagregar por mes. No incluye beneficiarios acumulados (el Excel no trae esa cifra para este periodo)."
bono-1000-dias,Bono 1000 Días,2025,12,,Zona 1,Imbabura,0,4.709205,TRUE,"Acumulado real nov 2023-dic 2025 (columna 'acumulado 2023-2025' del Excel VIS-VIE), colocado como un solo bloque en dic-2025 porque el archivo no permite desagregar por mes. No incluye beneficiarios acumulados (el Excel no trae esa cifra para este periodo)."
bono-1000-dias,Bono 1000 Días,2025,12,,Zona 7,Loja,0,5.021243,TRUE,"Acumulado real nov 2023-dic 2025 (columna 'acumulado 2023-2025' del Excel VIS-VIE), colocado como un solo bloque en dic-2025 porque el archivo no permite desagregar por mes. No incluye beneficiarios acumulados (el Excel no trae esa cifra para este periodo)."
bono-1000-dias,Bono 1000 Días,2025,12,,Zona 5,Los Ríos,0,14.855782,TRUE,"Acumulado real nov 2023-dic 2025 (columna 'acumulado 2023-2025' del Excel VIS-VIE), colocado como un solo bloque en dic-2025 porque el archivo no permite desagregar por mes. No incluye beneficiarios acumulados (el Excel no trae esa cifra para este periodo)."
bono-1000-dias,Bono 1000 Días,2025,12,,Zona 4,Manabí,0,23.512369,TRUE,"Acumulado real nov 2023-dic 2025 (columna 'acumulado 2023-2025' del Excel VIS-VIE), colocado como un solo bloque en dic-2025 porque el archivo no permite desagregar por mes. No incluye beneficiarios acumulados (el Excel no trae esa cifra para este periodo)."
bono-1000-dias,Bono 1000 Días,2025,12,,Zona 6,Morona Santiago,0,3.600666,TRUE,"Acumulado real nov 2023-dic 2025 (columna 'acumulado 2023-2025' del Excel VIS-VIE), colocado como un solo bloque en dic-2025 porque el archivo no permite desagregar por mes. No incluye beneficiarios acumulados (el Excel no trae esa cifra para este periodo)."
bono-1000-dias,Bono 1000 Días,2025,12,,Zona 2,Napo,0,3.317835,TRUE,"Acumulado real nov 2023-dic 2025 (columna 'acumulado 2023-2025' del Excel VIS-VIE), colocado como un solo bloque en dic-2025 porque el archivo no permite desagregar por mes. No incluye beneficiarios acumulados (el Excel no trae esa cifra para este periodo)."
bono-1000-dias,Bono 1000 Días,2025,12,,Zona 2,Orellana,0,3.184847,TRUE,"Acumulado real nov 2023-dic 2025 (columna 'acumulado 2023-2025' del Excel VIS-VIE), colocado como un solo bloque en dic-2025 porque el archivo no permite desagregar por mes. No incluye beneficiarios acumulados (el Excel no trae esa cifra para este periodo)."
bono-1000-dias,Bono 1000 Días,2025,12,,Zona 3,Pastaza,0,2.232968,TRUE,"Acumulado real nov 2023-dic 2025 (columna 'acumulado 2023-2025' del Excel VIS-VIE), colocado como un solo bloque en dic-2025 porque el archivo no permite desagregar por mes. No incluye beneficiarios acumulados (el Excel no trae esa cifra para este periodo)."
bono-1000-dias,Bono 1000 Días,2025,12,,Zona 2,Pichincha,0,14.410756,TRUE,"Acumulado real nov 2023-dic 2025 (columna 'acumulado 2023-2025' del Excel VIS-VIE), colocado como un solo bloque en dic-2025 porque el archivo no permite desagregar por mes. No incluye beneficiarios acumulados (el Excel no trae esa cifra para este periodo)."
bono-1000-dias,Bono 1000 Días,2025,12,,Zona 5,Santa Elena,0,6.375071,TRUE,"Acumulado real nov 2023-dic 2025 (columna 'acumulado 2023-2025' del Excel VIS-VIE), colocado como un solo bloque en dic-2025 porque el archivo no permite desagregar por mes. No incluye beneficiarios acumulados (el Excel no trae esa cifra para este periodo)."
bono-1000-dias,Bono 1000 Días,2025,12,,Zona 4,Santo Domingo de los Tsáchilas,0,6.042144,TRUE,"Acumulado real nov 2023-dic 2025 (columna 'acumulado 2023-2025' del Excel VIS-VIE), colocado como un solo bloque en dic-2025 porque el archivo no permite desagregar por mes. No incluye beneficiarios acumulados (el Excel no trae esa cifra para este periodo)."
bono-1000-dias,Bono 1000 Días,2025,12,,Zona 1,Sucumbíos,0,3.489095,TRUE,"Acumulado real nov 2023-dic 2025 (columna 'acumulado 2023-2025' del Excel VIS-VIE), colocado como un solo bloque en dic-2025 porque el archivo no permite desagregar por mes. No incluye beneficiarios acumulados (el Excel no trae esa cifra para este periodo)."
bono-1000-dias,Bono 1000 Días,2025,12,,Zona 3,Tungurahua,0,3.910754,TRUE,"Acumulado real nov 2023-dic 2025 (columna 'acumulado 2023-2025' del Excel VIS-VIE), colocado como un solo bloque en dic-2025 porque el archivo no permite desagregar por mes. No incluye beneficiarios acumulados (el Excel no trae esa cifra para este periodo)."
bono-1000-dias,Bono 1000 Días,2025,12,,Zona 7,Zamora Chinchipe,0,1.9319,TRUE,"Acumulado real nov 2023-dic 2025 (columna 'acumulado 2023-2025' del Excel VIS-VIE), colocado como un solo bloque en dic-2025 porque el archivo no permite desagregar por mes. No incluye beneficiarios acumulados (el Excel no trae esa cifra para este periodo)."
bono-1000-dias,Bono 1000 Días,2025,12,,No especificada,Zona en estudio,0,0.004373,TRUE,"Acumulado real nov 2023-dic 2025 (columna 'acumulado 2023-2025' del Excel VIS-VIE), colocado como un solo bloque en dic-2025 porque el archivo no permite desagregar por mes. No incluye beneficiarios acumulados (el Excel no trae esa cifra para este periodo)."
bono-1000-dias,Bono 1000 Días,2026,07,2026-07-31,Zona 6,Azuay,4255,1.6128,TRUE,"Dato real: Acumulado_VIS-VIE_periodo_gobierno.xlsx, hoja 'provincial', julio 2026."
bono-1000-dias,Bono 1000 Días,2026,07,2026-07-31,Zona 5,Bolívar,2595,0.9836,TRUE,"Dato real: Acumulado_VIS-VIE_periodo_gobierno.xlsx, hoja 'provincial', julio 2026."
bono-1000-dias,Bono 1000 Días,2026,07,2026-07-31,Zona 6,Cañar,2250,0.8529,TRUE,"Dato real: Acumulado_VIS-VIE_periodo_gobierno.xlsx, hoja 'provincial', julio 2026."
bono-1000-dias,Bono 1000 Días,2026,07,2026-07-31,Zona 1,Carchi,1718,0.6512,TRUE,"Dato real: Acumulado_VIS-VIE_periodo_gobierno.xlsx, hoja 'provincial', julio 2026."
bono-1000-dias,Bono 1000 Días,2026,07,2026-07-31,Zona 3,Chimborazo,4501,1.7061,TRUE,"Dato real: Acumulado_VIS-VIE_periodo_gobierno.xlsx, hoja 'provincial', julio 2026."
bono-1000-dias,Bono 1000 Días,2026,07,2026-07-31,Zona 3,Cotopaxi,5149,1.9517,TRUE,"Dato real: Acumulado_VIS-VIE_periodo_gobierno.xlsx, hoja 'provincial', julio 2026."
bono-1000-dias,Bono 1000 Días,2026,07,2026-07-31,Zona 7,El Oro,7017,2.6598,TRUE,"Dato real: Acumulado_VIS-VIE_periodo_gobierno.xlsx, hoja 'provincial', julio 2026."
bono-1000-dias,Bono 1000 Días,2026,07,2026-07-31,Zona 1,Esmeraldas,10490,3.9762,TRUE,"Dato real: Acumulado_VIS-VIE_periodo_gobierno.xlsx, hoja 'provincial', julio 2026."
bono-1000-dias,Bono 1000 Días,2026,07,2026-07-31,Zona 5,Galápagos,82,0.0311,TRUE,"Dato real: Acumulado_VIS-VIE_periodo_gobierno.xlsx, hoja 'provincial', julio 2026."
bono-1000-dias,Bono 1000 Días,2026,07,2026-07-31,Zona 5,Guayas,42182,15.9889,TRUE,"Dato real: Acumulado_VIS-VIE_periodo_gobierno.xlsx, hoja 'provincial', julio 2026."
bono-1000-dias,Bono 1000 Días,2026,07,2026-07-31,Zona 1,Imbabura,4475,1.6962,TRUE,"Dato real: Acumulado_VIS-VIE_periodo_gobierno.xlsx, hoja 'provincial', julio 2026."
bono-1000-dias,Bono 1000 Días,2026,07,2026-07-31,Zona 7,Loja,4869,1.8456,TRUE,"Dato real: Acumulado_VIS-VIE_periodo_gobierno.xlsx, hoja 'provincial', julio 2026."
bono-1000-dias,Bono 1000 Días,2026,07,2026-07-31,Zona 5,Los Ríos,14571,5.5231,TRUE,"Dato real: Acumulado_VIS-VIE_periodo_gobierno.xlsx, hoja 'provincial', julio 2026."
bono-1000-dias,Bono 1000 Días,2026,07,2026-07-31,Zona 4,Manabí,23832,9.0334,TRUE,"Dato real: Acumulado_VIS-VIE_periodo_gobierno.xlsx, hoja 'provincial', julio 2026."
bono-1000-dias,Bono 1000 Días,2026,07,2026-07-31,Zona 6,Morona Santiago,3261,1.2361,TRUE,"Dato real: Acumulado_VIS-VIE_periodo_gobierno.xlsx, hoja 'provincial', julio 2026."
bono-1000-dias,Bono 1000 Días,2026,07,2026-07-31,Zona 2,Napo,2561,0.9707,TRUE,"Dato real: Acumulado_VIS-VIE_periodo_gobierno.xlsx, hoja 'provincial', julio 2026."
bono-1000-dias,Bono 1000 Días,2026,07,2026-07-31,Zona 2,Orellana,3222,1.2213,TRUE,"Dato real: Acumulado_VIS-VIE_periodo_gobierno.xlsx, hoja 'provincial', julio 2026."
bono-1000-dias,Bono 1000 Días,2026,07,2026-07-31,Zona 3,Pastaza,1897,0.719,TRUE,"Dato real: Acumulado_VIS-VIE_periodo_gobierno.xlsx, hoja 'provincial', julio 2026."
bono-1000-dias,Bono 1000 Días,2026,07,2026-07-31,Zona 2,Pichincha,13666,5.18,TRUE,"Dato real: Acumulado_VIS-VIE_periodo_gobierno.xlsx, hoja 'provincial', julio 2026."
bono-1000-dias,Bono 1000 Días,2026,07,2026-07-31,Zona 5,Santa Elena,6155,2.333,TRUE,"Dato real: Acumulado_VIS-VIE_periodo_gobierno.xlsx, hoja 'provincial', julio 2026."
bono-1000-dias,Bono 1000 Días,2026,07,2026-07-31,Zona 4,Santo Domingo de los Tsáchilas,6318,2.3948,TRUE,"Dato real: Acumulado_VIS-VIE_periodo_gobierno.xlsx, hoja 'provincial', julio 2026."
bono-1000-dias,Bono 1000 Días,2026,07,2026-07-31,Zona 1,Sucumbíos,3493,1.324,TRUE,"Dato real: Acumulado_VIS-VIE_periodo_gobierno.xlsx, hoja 'provincial', julio 2026."
bono-1000-dias,Bono 1000 Días,2026,07,2026-07-31,Zona 3,Tungurahua,3819,1.4476,TRUE,"Dato real: Acumulado_VIS-VIE_periodo_gobierno.xlsx, hoja 'provincial', julio 2026."
bono-1000-dias,Bono 1000 Días,2026,07,2026-07-31,Zona 7,Zamora Chinchipe,1701,0.6448,TRUE,"Dato real: Acumulado_VIS-VIE_periodo_gobierno.xlsx, hoja 'provincial', julio 2026."
bono-1000-dias,Bono 1000 Días,2026,07,2026-07-31,No especificada,Zona en estudio,20,0.0076,TRUE,"Dato real: Acumulado_VIS-VIE_periodo_gobierno.xlsx, hoja 'provincial', julio 2026."
bono-joaquin-gallegos-lara,Bono Joaquín Gallegos Lara,2025,12,,Zona 6,Azuay,0,8.033782,TRUE,"Acumulado real nov 2023-dic 2025 (columna 'acumulado 2023-2025' del Excel VIS-VIE), colocado como un solo bloque en dic-2025 porque el archivo no permite desagregar por mes. No incluye beneficiarios acumulados (el Excel no trae esa cifra para este periodo)."
bono-joaquin-gallegos-lara,Bono Joaquín Gallegos Lara,2025,12,,Zona 5,Bolívar,0,4.917765,TRUE,"Acumulado real nov 2023-dic 2025 (columna 'acumulado 2023-2025' del Excel VIS-VIE), colocado como un solo bloque en dic-2025 porque el archivo no permite desagregar por mes. No incluye beneficiarios acumulados (el Excel no trae esa cifra para este periodo)."
bono-joaquin-gallegos-lara,Bono Joaquín Gallegos Lara,2025,12,,Zona 6,Cañar,0,4.882216,TRUE,"Acumulado real nov 2023-dic 2025 (columna 'acumulado 2023-2025' del Excel VIS-VIE), colocado como un solo bloque en dic-2025 porque el archivo no permite desagregar por mes. No incluye beneficiarios acumulados (el Excel no trae esa cifra para este periodo)."
bono-joaquin-gallegos-lara,Bono Joaquín Gallegos Lara,2025,12,,Zona 1,Carchi,0,2.433378,TRUE,"Acumulado real nov 2023-dic 2025 (columna 'acumulado 2023-2025' del Excel VIS-VIE), colocado como un solo bloque en dic-2025 porque el archivo no permite desagregar por mes. No incluye beneficiarios acumulados (el Excel no trae esa cifra para este periodo)."
bono-joaquin-gallegos-lara,Bono Joaquín Gallegos Lara,2025,12,,Zona 3,Chimborazo,0,7.312656,TRUE,"Acumulado real nov 2023-dic 2025 (columna 'acumulado 2023-2025' del Excel VIS-VIE), colocado como un solo bloque en dic-2025 porque el archivo no permite desagregar por mes. No incluye beneficiarios acumulados (el Excel no trae esa cifra para este periodo)."
bono-joaquin-gallegos-lara,Bono Joaquín Gallegos Lara,2025,12,,Zona 3,Cotopaxi,0,6.003614,TRUE,"Acumulado real nov 2023-dic 2025 (columna 'acumulado 2023-2025' del Excel VIS-VIE), colocado como un solo bloque en dic-2025 porque el archivo no permite desagregar por mes. No incluye beneficiarios acumulados (el Excel no trae esa cifra para este periodo)."
bono-joaquin-gallegos-lara,Bono Joaquín Gallegos Lara,2025,12,,Zona 7,El Oro,0,16.934426,TRUE,"Acumulado real nov 2023-dic 2025 (columna 'acumulado 2023-2025' del Excel VIS-VIE), colocado como un solo bloque en dic-2025 porque el archivo no permite desagregar por mes. No incluye beneficiarios acumulados (el Excel no trae esa cifra para este periodo)."
bono-joaquin-gallegos-lara,Bono Joaquín Gallegos Lara,2025,12,,Zona 1,Esmeraldas,0,10.6102,TRUE,"Acumulado real nov 2023-dic 2025 (columna 'acumulado 2023-2025' del Excel VIS-VIE), colocado como un solo bloque en dic-2025 porque el archivo no permite desagregar por mes. No incluye beneficiarios acumulados (el Excel no trae esa cifra para este periodo)."
bono-joaquin-gallegos-lara,Bono Joaquín Gallegos Lara,2025,12,,Zona 5,Galápagos,0,0.132014,TRUE,"Acumulado real nov 2023-dic 2025 (columna 'acumulado 2023-2025' del Excel VIS-VIE), colocado como un solo bloque en dic-2025 porque el archivo no permite desagregar por mes. No incluye beneficiarios acumulados (el Excel no trae esa cifra para este periodo)."
bono-joaquin-gallegos-lara,Bono Joaquín Gallegos Lara,2025,12,,Zona 5,Guayas,0,59.144718,TRUE,"Acumulado real nov 2023-dic 2025 (columna 'acumulado 2023-2025' del Excel VIS-VIE), colocado como un solo bloque en dic-2025 porque el archivo no permite desagregar por mes. No incluye beneficiarios acumulados (el Excel no trae esa cifra para este periodo)."
bono-joaquin-gallegos-lara,Bono Joaquín Gallegos Lara,2025,12,,Zona 1,Imbabura,0,7.311702,TRUE,"Acumulado real nov 2023-dic 2025 (columna 'acumulado 2023-2025' del Excel VIS-VIE), colocado como un solo bloque en dic-2025 porque el archivo no permite desagregar por mes. No incluye beneficiarios acumulados (el Excel no trae esa cifra para este periodo)."
bono-joaquin-gallegos-lara,Bono Joaquín Gallegos Lara,2025,12,,Zona 7,Loja,0,13.879056,TRUE,"Acumulado real nov 2023-dic 2025 (columna 'acumulado 2023-2025' del Excel VIS-VIE), colocado como un solo bloque en dic-2025 porque el archivo no permite desagregar por mes. No incluye beneficiarios acumulados (el Excel no trae esa cifra para este periodo)."
bono-joaquin-gallegos-lara,Bono Joaquín Gallegos Lara,2025,12,,Zona 5,Los Ríos,0,24.606893,TRUE,"Acumulado real nov 2023-dic 2025 (columna 'acumulado 2023-2025' del Excel VIS-VIE), colocado como un solo bloque en dic-2025 porque el archivo no permite desagregar por mes. No incluye beneficiarios acumulados (el Excel no trae esa cifra para este periodo)."
bono-joaquin-gallegos-lara,Bono Joaquín Gallegos Lara,2025,12,,Zona 4,Manabí,0,41.929445,TRUE,"Acumulado real nov 2023-dic 2025 (columna 'acumulado 2023-2025' del Excel VIS-VIE), colocado como un solo bloque en dic-2025 porque el archivo no permite desagregar por mes. No incluye beneficiarios acumulados (el Excel no trae esa cifra para este periodo)."
bono-joaquin-gallegos-lara,Bono Joaquín Gallegos Lara,2025,12,,Zona 6,Morona Santiago,0,3.537543,TRUE,"Acumulado real nov 2023-dic 2025 (columna 'acumulado 2023-2025' del Excel VIS-VIE), colocado como un solo bloque en dic-2025 porque el archivo no permite desagregar por mes. No incluye beneficiarios acumulados (el Excel no trae esa cifra para este periodo)."
bono-joaquin-gallegos-lara,Bono Joaquín Gallegos Lara,2025,12,,Zona 2,Napo,0,2.787688,TRUE,"Acumulado real nov 2023-dic 2025 (columna 'acumulado 2023-2025' del Excel VIS-VIE), colocado como un solo bloque en dic-2025 porque el archivo no permite desagregar por mes. No incluye beneficiarios acumulados (el Excel no trae esa cifra para este periodo)."
bono-joaquin-gallegos-lara,Bono Joaquín Gallegos Lara,2025,12,,Zona 2,Orellana,0,2.801018,TRUE,"Acumulado real nov 2023-dic 2025 (columna 'acumulado 2023-2025' del Excel VIS-VIE), colocado como un solo bloque en dic-2025 porque el archivo no permite desagregar por mes. No incluye beneficiarios acumulados (el Excel no trae esa cifra para este periodo)."
bono-joaquin-gallegos-lara,Bono Joaquín Gallegos Lara,2025,12,,Zona 3,Pastaza,0,2.998208,TRUE,"Acumulado real nov 2023-dic 2025 (columna 'acumulado 2023-2025' del Excel VIS-VIE), colocado como un solo bloque en dic-2025 porque el archivo no permite desagregar por mes. No incluye beneficiarios acumulados (el Excel no trae esa cifra para este periodo)."
bono-joaquin-gallegos-lara,Bono Joaquín Gallegos Lara,2025,12,,Zona 2,Pichincha,0,25.709423,TRUE,"Acumulado real nov 2023-dic 2025 (columna 'acumulado 2023-2025' del Excel VIS-VIE), colocado como un solo bloque en dic-2025 porque el archivo no permite desagregar por mes. No incluye beneficiarios acumulados (el Excel no trae esa cifra para este periodo)."
bono-joaquin-gallegos-lara,Bono Joaquín Gallegos Lara,2025,12,,Zona 5,Santa Elena,0,5.835402,TRUE,"Acumulado real nov 2023-dic 2025 (columna 'acumulado 2023-2025' del Excel VIS-VIE), colocado como un solo bloque en dic-2025 porque el archivo no permite desagregar por mes. No incluye beneficiarios acumulados (el Excel no trae esa cifra para este periodo)."
bono-joaquin-gallegos-lara,Bono Joaquín Gallegos Lara,2025,12,,Zona 4,Santo Domingo de los Tsáchilas,0,8.130999,TRUE,"Acumulado real nov 2023-dic 2025 (columna 'acumulado 2023-2025' del Excel VIS-VIE), colocado como un solo bloque en dic-2025 porque el archivo no permite desagregar por mes. No incluye beneficiarios acumulados (el Excel no trae esa cifra para este periodo)."
bono-joaquin-gallegos-lara,Bono Joaquín Gallegos Lara,2025,12,,Zona 1,Sucumbíos,0,5.612614,TRUE,"Acumulado real nov 2023-dic 2025 (columna 'acumulado 2023-2025' del Excel VIS-VIE), colocado como un solo bloque en dic-2025 porque el archivo no permite desagregar por mes. No incluye beneficiarios acumulados (el Excel no trae esa cifra para este periodo)."
bono-joaquin-gallegos-lara,Bono Joaquín Gallegos Lara,2025,12,,Zona 3,Tungurahua,0,5.195255,TRUE,"Acumulado real nov 2023-dic 2025 (columna 'acumulado 2023-2025' del Excel VIS-VIE), colocado como un solo bloque en dic-2025 porque el archivo no permite desagregar por mes. No incluye beneficiarios acumulados (el Excel no trae esa cifra para este periodo)."
bono-joaquin-gallegos-lara,Bono Joaquín Gallegos Lara,2025,12,,Zona 7,Zamora Chinchipe,0,2.796022,TRUE,"Acumulado real nov 2023-dic 2025 (columna 'acumulado 2023-2025' del Excel VIS-VIE), colocado como un solo bloque en dic-2025 porque el archivo no permite desagregar por mes. No incluye beneficiarios acumulados (el Excel no trae esa cifra para este periodo)."
bono-joaquin-gallegos-lara,Bono Joaquín Gallegos Lara,2025,12,,No especificada,Zona en estudio,0,0.0,TRUE,"Acumulado real nov 2023-dic 2025 (columna 'acumulado 2023-2025' del Excel VIS-VIE), colocado como un solo bloque en dic-2025 porque el archivo no permite desagregar por mes. No incluye beneficiarios acumulados (el Excel no trae esa cifra para este periodo)."
bono-joaquin-gallegos-lara,Bono Joaquín Gallegos Lara,2026,07,2026-07-31,Zona 6,Azuay,1379,2.3357,TRUE,"Dato real: Acumulado_VIS-VIE_periodo_gobierno.xlsx, hoja 'provincial', julio 2026."
bono-joaquin-gallegos-lara,Bono Joaquín Gallegos Lara,2026,07,2026-07-31,Zona 5,Bolívar,826,1.3991,TRUE,"Dato real: Acumulado_VIS-VIE_periodo_gobierno.xlsx, hoja 'provincial', julio 2026."
bono-joaquin-gallegos-lara,Bono Joaquín Gallegos Lara,2026,07,2026-07-31,Zona 6,Cañar,858,1.4533,TRUE,"Dato real: Acumulado_VIS-VIE_periodo_gobierno.xlsx, hoja 'provincial', julio 2026."
bono-joaquin-gallegos-lara,Bono Joaquín Gallegos Lara,2026,07,2026-07-31,Zona 1,Carchi,417,0.7063,TRUE,"Dato real: Acumulado_VIS-VIE_periodo_gobierno.xlsx, hoja 'provincial', julio 2026."
bono-joaquin-gallegos-lara,Bono Joaquín Gallegos Lara,2026,07,2026-07-31,Zona 3,Chimborazo,1299,2.2002,TRUE,"Dato real: Acumulado_VIS-VIE_periodo_gobierno.xlsx, hoja 'provincial', julio 2026."
bono-joaquin-gallegos-lara,Bono Joaquín Gallegos Lara,2026,07,2026-07-31,Zona 3,Cotopaxi,1089,1.8445,TRUE,"Dato real: Acumulado_VIS-VIE_periodo_gobierno.xlsx, hoja 'provincial', julio 2026."
bono-joaquin-gallegos-lara,Bono Joaquín Gallegos Lara,2026,07,2026-07-31,Zona 7,El Oro,3051,5.1677,TRUE,"Dato real: Acumulado_VIS-VIE_periodo_gobierno.xlsx, hoja 'provincial', julio 2026."
bono-joaquin-gallegos-lara,Bono Joaquín Gallegos Lara,2026,07,2026-07-31,Zona 1,Esmeraldas,1875,3.1758,TRUE,"Dato real: Acumulado_VIS-VIE_periodo_gobierno.xlsx, hoja 'provincial', julio 2026."
bono-joaquin-gallegos-lara,Bono Joaquín Gallegos Lara,2026,07,2026-07-31,Zona 5,Galápagos,29,0.0491,TRUE,"Dato real: Acumulado_VIS-VIE_periodo_gobierno.xlsx, hoja 'provincial', julio 2026."
bono-joaquin-gallegos-lara,Bono Joaquín Gallegos Lara,2026,07,2026-07-31,Zona 5,Guayas,10953,18.5519,TRUE,"Dato real: Acumulado_VIS-VIE_periodo_gobierno.xlsx, hoja 'provincial', julio 2026."
bono-joaquin-gallegos-lara,Bono Joaquín Gallegos Lara,2026,07,2026-07-31,Zona 1,Imbabura,1243,2.1054,TRUE,"Dato real: Acumulado_VIS-VIE_periodo_gobierno.xlsx, hoja 'provincial', julio 2026."
bono-joaquin-gallegos-lara,Bono Joaquín Gallegos Lara,2026,07,2026-07-31,Zona 7,Loja,2489,4.2158,TRUE,"Dato real: Acumulado_VIS-VIE_periodo_gobierno.xlsx, hoja 'provincial', julio 2026."
bono-joaquin-gallegos-lara,Bono Joaquín Gallegos Lara,2026,07,2026-07-31,Zona 5,Los Ríos,4303,7.2883,TRUE,"Dato real: Acumulado_VIS-VIE_periodo_gobierno.xlsx, hoja 'provincial', julio 2026."
bono-joaquin-gallegos-lara,Bono Joaquín Gallegos Lara,2026,07,2026-07-31,Zona 4,Manabí,7499,12.7016,TRUE,"Dato real: Acumulado_VIS-VIE_periodo_gobierno.xlsx, hoja 'provincial', julio 2026."
bono-joaquin-gallegos-lara,Bono Joaquín Gallegos Lara,2026,07,2026-07-31,Zona 6,Morona Santiago,618,1.0468,TRUE,"Dato real: Acumulado_VIS-VIE_periodo_gobierno.xlsx, hoja 'provincial', julio 2026."
bono-joaquin-gallegos-lara,Bono Joaquín Gallegos Lara,2026,07,2026-07-31,Zona 2,Napo,526,0.8909,TRUE,"Dato real: Acumulado_VIS-VIE_periodo_gobierno.xlsx, hoja 'provincial', julio 2026."
bono-joaquin-gallegos-lara,Bono Joaquín Gallegos Lara,2026,07,2026-07-31,Zona 2,Orellana,482,0.8164,TRUE,"Dato real: Acumulado_VIS-VIE_periodo_gobierno.xlsx, hoja 'provincial', julio 2026."
bono-joaquin-gallegos-lara,Bono Joaquín Gallegos Lara,2026,07,2026-07-31,Zona 3,Pastaza,550,0.9316,TRUE,"Dato real: Acumulado_VIS-VIE_periodo_gobierno.xlsx, hoja 'provincial', julio 2026."
bono-joaquin-gallegos-lara,Bono Joaquín Gallegos Lara,2026,07,2026-07-31,Zona 2,Pichincha,4834,8.1877,TRUE,"Dato real: Acumulado_VIS-VIE_periodo_gobierno.xlsx, hoja 'provincial', julio 2026."
bono-joaquin-gallegos-lara,Bono Joaquín Gallegos Lara,2026,07,2026-07-31,Zona 5,Santa Elena,965,1.6345,TRUE,"Dato real: Acumulado_VIS-VIE_periodo_gobierno.xlsx, hoja 'provincial', julio 2026."
bono-joaquin-gallegos-lara,Bono Joaquín Gallegos Lara,2026,07,2026-07-31,Zona 4,Santo Domingo de los Tsáchilas,1371,2.3222,TRUE,"Dato real: Acumulado_VIS-VIE_periodo_gobierno.xlsx, hoja 'provincial', julio 2026."
bono-joaquin-gallegos-lara,Bono Joaquín Gallegos Lara,2026,07,2026-07-31,Zona 1,Sucumbíos,1029,1.7429,TRUE,"Dato real: Acumulado_VIS-VIE_periodo_gobierno.xlsx, hoja 'provincial', julio 2026."
bono-joaquin-gallegos-lara,Bono Joaquín Gallegos Lara,2026,07,2026-07-31,Zona 3,Tungurahua,909,1.5396,TRUE,"Dato real: Acumulado_VIS-VIE_periodo_gobierno.xlsx, hoja 'provincial', julio 2026."
bono-joaquin-gallegos-lara,Bono Joaquín Gallegos Lara,2026,07,2026-07-31,Zona 7,Zamora Chinchipe,433,0.7334,TRUE,"Dato real: Acumulado_VIS-VIE_periodo_gobierno.xlsx, hoja 'provincial', julio 2026."
bono-joaquin-gallegos-lara,Bono Joaquín Gallegos Lara,2026,07,2026-07-31,No especificada,Zona en estudio,0,0.0,TRUE,"Dato real: Acumulado_VIS-VIE_periodo_gobierno.xlsx, hoja 'provincial', julio 2026."
pension-mis-mejores-anos,Pensión Mis Mejores Años,2025,12,,Zona 6,Azuay,0,31.81198,TRUE,"Acumulado real nov 2023-dic 2025 (columna 'acumulado 2023-2025' del Excel VIS-VIE), colocado como un solo bloque en dic-2025 porque el archivo no permite desagregar por mes. No incluye beneficiarios acumulados (el Excel no trae esa cifra para este periodo)."
pension-mis-mejores-anos,Pensión Mis Mejores Años,2025,12,,Zona 5,Bolívar,0,23.561293,TRUE,"Acumulado real nov 2023-dic 2025 (columna 'acumulado 2023-2025' del Excel VIS-VIE), colocado como un solo bloque en dic-2025 porque el archivo no permite desagregar por mes. No incluye beneficiarios acumulados (el Excel no trae esa cifra para este periodo)."
pension-mis-mejores-anos,Pensión Mis Mejores Años,2025,12,,Zona 6,Cañar,0,15.210169,TRUE,"Acumulado real nov 2023-dic 2025 (columna 'acumulado 2023-2025' del Excel VIS-VIE), colocado como un solo bloque en dic-2025 porque el archivo no permite desagregar por mes. No incluye beneficiarios acumulados (el Excel no trae esa cifra para este periodo)."
pension-mis-mejores-anos,Pensión Mis Mejores Años,2025,12,,Zona 1,Carchi,0,13.13542,TRUE,"Acumulado real nov 2023-dic 2025 (columna 'acumulado 2023-2025' del Excel VIS-VIE), colocado como un solo bloque en dic-2025 porque el archivo no permite desagregar por mes. No incluye beneficiarios acumulados (el Excel no trae esa cifra para este periodo)."
pension-mis-mejores-anos,Pensión Mis Mejores Años,2025,12,,Zona 3,Chimborazo,0,46.261145,TRUE,"Acumulado real nov 2023-dic 2025 (columna 'acumulado 2023-2025' del Excel VIS-VIE), colocado como un solo bloque en dic-2025 porque el archivo no permite desagregar por mes. No incluye beneficiarios acumulados (el Excel no trae esa cifra para este periodo)."
pension-mis-mejores-anos,Pensión Mis Mejores Años,2025,12,,Zona 3,Cotopaxi,0,45.420693,TRUE,"Acumulado real nov 2023-dic 2025 (columna 'acumulado 2023-2025' del Excel VIS-VIE), colocado como un solo bloque en dic-2025 porque el archivo no permite desagregar por mes. No incluye beneficiarios acumulados (el Excel no trae esa cifra para este periodo)."
pension-mis-mejores-anos,Pensión Mis Mejores Años,2025,12,,Zona 7,El Oro,0,21.647369,TRUE,"Acumulado real nov 2023-dic 2025 (columna 'acumulado 2023-2025' del Excel VIS-VIE), colocado como un solo bloque en dic-2025 porque el archivo no permite desagregar por mes. No incluye beneficiarios acumulados (el Excel no trae esa cifra para este periodo)."
pension-mis-mejores-anos,Pensión Mis Mejores Años,2025,12,,Zona 1,Esmeraldas,0,33.214223,TRUE,"Acumulado real nov 2023-dic 2025 (columna 'acumulado 2023-2025' del Excel VIS-VIE), colocado como un solo bloque en dic-2025 porque el archivo no permite desagregar por mes. No incluye beneficiarios acumulados (el Excel no trae esa cifra para este periodo)."
pension-mis-mejores-anos,Pensión Mis Mejores Años,2025,12,,Zona 5,Galápagos,0,0.03077,TRUE,"Acumulado real nov 2023-dic 2025 (columna 'acumulado 2023-2025' del Excel VIS-VIE), colocado como un solo bloque en dic-2025 porque el archivo no permite desagregar por mes. No incluye beneficiarios acumulados (el Excel no trae esa cifra para este periodo)."
pension-mis-mejores-anos,Pensión Mis Mejores Años,2025,12,,Zona 5,Guayas,0,120.211726,TRUE,"Acumulado real nov 2023-dic 2025 (columna 'acumulado 2023-2025' del Excel VIS-VIE), colocado como un solo bloque en dic-2025 porque el archivo no permite desagregar por mes. No incluye beneficiarios acumulados (el Excel no trae esa cifra para este periodo)."
pension-mis-mejores-anos,Pensión Mis Mejores Años,2025,12,,Zona 1,Imbabura,0,34.956354,TRUE,"Acumulado real nov 2023-dic 2025 (columna 'acumulado 2023-2025' del Excel VIS-VIE), colocado como un solo bloque en dic-2025 porque el archivo no permite desagregar por mes. No incluye beneficiarios acumulados (el Excel no trae esa cifra para este periodo)."
pension-mis-mejores-anos,Pensión Mis Mejores Años,2025,12,,Zona 7,Loja,0,35.032788,TRUE,"Acumulado real nov 2023-dic 2025 (columna 'acumulado 2023-2025' del Excel VIS-VIE), colocado como un solo bloque en dic-2025 porque el archivo no permite desagregar por mes. No incluye beneficiarios acumulados (el Excel no trae esa cifra para este periodo)."
pension-mis-mejores-anos,Pensión Mis Mejores Años,2025,12,,Zona 5,Los Ríos,0,52.363419,TRUE,"Acumulado real nov 2023-dic 2025 (columna 'acumulado 2023-2025' del Excel VIS-VIE), colocado como un solo bloque en dic-2025 porque el archivo no permite desagregar por mes. No incluye beneficiarios acumulados (el Excel no trae esa cifra para este periodo)."
pension-mis-mejores-anos,Pensión Mis Mejores Años,2025,12,,Zona 4,Manabí,0,87.848439,TRUE,"Acumulado real nov 2023-dic 2025 (columna 'acumulado 2023-2025' del Excel VIS-VIE), colocado como un solo bloque en dic-2025 porque el archivo no permite desagregar por mes. No incluye beneficiarios acumulados (el Excel no trae esa cifra para este periodo)."
pension-mis-mejores-anos,Pensión Mis Mejores Años,2025,12,,Zona 6,Morona Santiago,0,10.645384,TRUE,"Acumulado real nov 2023-dic 2025 (columna 'acumulado 2023-2025' del Excel VIS-VIE), colocado como un solo bloque en dic-2025 porque el archivo no permite desagregar por mes. No incluye beneficiarios acumulados (el Excel no trae esa cifra para este periodo)."
pension-mis-mejores-anos,Pensión Mis Mejores Años,2025,12,,Zona 2,Napo,0,7.113639,TRUE,"Acumulado real nov 2023-dic 2025 (columna 'acumulado 2023-2025' del Excel VIS-VIE), colocado como un solo bloque en dic-2025 porque el archivo no permite desagregar por mes. No incluye beneficiarios acumulados (el Excel no trae esa cifra para este periodo)."
pension-mis-mejores-anos,Pensión Mis Mejores Años,2025,12,,Zona 2,Orellana,0,7.297835,TRUE,"Acumulado real nov 2023-dic 2025 (columna 'acumulado 2023-2025' del Excel VIS-VIE), colocado como un solo bloque en dic-2025 porque el archivo no permite desagregar por mes. No incluye beneficiarios acumulados (el Excel no trae esa cifra para este periodo)."
pension-mis-mejores-anos,Pensión Mis Mejores Años,2025,12,,Zona 3,Pastaza,0,4.897307,TRUE,"Acumulado real nov 2023-dic 2025 (columna 'acumulado 2023-2025' del Excel VIS-VIE), colocado como un solo bloque en dic-2025 porque el archivo no permite desagregar por mes. No incluye beneficiarios acumulados (el Excel no trae esa cifra para este periodo)."
pension-mis-mejores-anos,Pensión Mis Mejores Años,2025,12,,Zona 2,Pichincha,0,49.748323,TRUE,"Acumulado real nov 2023-dic 2025 (columna 'acumulado 2023-2025' del Excel VIS-VIE), colocado como un solo bloque en dic-2025 porque el archivo no permite desagregar por mes. No incluye beneficiarios acumulados (el Excel no trae esa cifra para este periodo)."
pension-mis-mejores-anos,Pensión Mis Mejores Años,2025,12,,Zona 5,Santa Elena,0,17.290132,TRUE,"Acumulado real nov 2023-dic 2025 (columna 'acumulado 2023-2025' del Excel VIS-VIE), colocado como un solo bloque en dic-2025 porque el archivo no permite desagregar por mes. No incluye beneficiarios acumulados (el Excel no trae esa cifra para este periodo)."
pension-mis-mejores-anos,Pensión Mis Mejores Años,2025,12,,Zona 4,Santo Domingo de los Tsáchilas,0,18.400477,TRUE,"Acumulado real nov 2023-dic 2025 (columna 'acumulado 2023-2025' del Excel VIS-VIE), colocado como un solo bloque en dic-2025 porque el archivo no permite desagregar por mes. No incluye beneficiarios acumulados (el Excel no trae esa cifra para este periodo)."
pension-mis-mejores-anos,Pensión Mis Mejores Años,2025,12,,Zona 1,Sucumbíos,0,9.413242,TRUE,"Acumulado real nov 2023-dic 2025 (columna 'acumulado 2023-2025' del Excel VIS-VIE), colocado como un solo bloque en dic-2025 porque el archivo no permite desagregar por mes. No incluye beneficiarios acumulados (el Excel no trae esa cifra para este periodo)."
pension-mis-mejores-anos,Pensión Mis Mejores Años,2025,12,,Zona 3,Tungurahua,0,37.746718,TRUE,"Acumulado real nov 2023-dic 2025 (columna 'acumulado 2023-2025' del Excel VIS-VIE), colocado como un solo bloque en dic-2025 porque el archivo no permite desagregar por mes. No incluye beneficiarios acumulados (el Excel no trae esa cifra para este periodo)."
pension-mis-mejores-anos,Pensión Mis Mejores Años,2025,12,,Zona 7,Zamora Chinchipe,0,6.019358,TRUE,"Acumulado real nov 2023-dic 2025 (columna 'acumulado 2023-2025' del Excel VIS-VIE), colocado como un solo bloque en dic-2025 porque el archivo no permite desagregar por mes. No incluye beneficiarios acumulados (el Excel no trae esa cifra para este periodo)."
pension-mis-mejores-anos,Pensión Mis Mejores Años,2025,12,,No especificada,Zona en estudio,0,0.034047,TRUE,"Acumulado real nov 2023-dic 2025 (columna 'acumulado 2023-2025' del Excel VIS-VIE), colocado como un solo bloque en dic-2025 porque el archivo no permite desagregar por mes. No incluye beneficiarios acumulados (el Excel no trae esa cifra para este periodo)."
pension-mis-mejores-anos,Pensión Mis Mejores Años,2026,07,2026-07-31,Zona 6,Azuay,12685,8.3574,TRUE,"Dato real: Acumulado_VIS-VIE_periodo_gobierno.xlsx, hoja 'provincial', julio 2026."
pension-mis-mejores-anos,Pensión Mis Mejores Años,2026,07,2026-07-31,Zona 5,Bolívar,9689,6.3835,TRUE,"Dato real: Acumulado_VIS-VIE_periodo_gobierno.xlsx, hoja 'provincial', julio 2026."
pension-mis-mejores-anos,Pensión Mis Mejores Años,2026,07,2026-07-31,Zona 6,Cañar,6155,4.0552,TRUE,"Dato real: Acumulado_VIS-VIE_periodo_gobierno.xlsx, hoja 'provincial', julio 2026."
pension-mis-mejores-anos,Pensión Mis Mejores Años,2026,07,2026-07-31,Zona 1,Carchi,5560,3.6632,TRUE,"Dato real: Acumulado_VIS-VIE_periodo_gobierno.xlsx, hoja 'provincial', julio 2026."
pension-mis-mejores-anos,Pensión Mis Mejores Años,2026,07,2026-07-31,Zona 3,Chimborazo,19917,13.1222,TRUE,"Dato real: Acumulado_VIS-VIE_periodo_gobierno.xlsx, hoja 'provincial', julio 2026."
pension-mis-mejores-anos,Pensión Mis Mejores Años,2026,07,2026-07-31,Zona 3,Cotopaxi,19207,12.6544,TRUE,"Dato real: Acumulado_VIS-VIE_periodo_gobierno.xlsx, hoja 'provincial', julio 2026."
pension-mis-mejores-anos,Pensión Mis Mejores Años,2026,07,2026-07-31,Zona 7,El Oro,9080,5.9823,TRUE,"Dato real: Acumulado_VIS-VIE_periodo_gobierno.xlsx, hoja 'provincial', julio 2026."
pension-mis-mejores-anos,Pensión Mis Mejores Años,2026,07,2026-07-31,Zona 1,Esmeraldas,15970,10.5217,TRUE,"Dato real: Acumulado_VIS-VIE_periodo_gobierno.xlsx, hoja 'provincial', julio 2026."
pension-mis-mejores-anos,Pensión Mis Mejores Años,2026,07,2026-07-31,Zona 5,Galápagos,15,0.0099,TRUE,"Dato real: Acumulado_VIS-VIE_periodo_gobierno.xlsx, hoja 'provincial', julio 2026."
pension-mis-mejores-anos,Pensión Mis Mejores Años,2026,07,2026-07-31,Zona 5,Guayas,49766,32.788,TRUE,"Dato real: Acumulado_VIS-VIE_periodo_gobierno.xlsx, hoja 'provincial', julio 2026."
pension-mis-mejores-anos,Pensión Mis Mejores Años,2026,07,2026-07-31,Zona 1,Imbabura,15377,10.131,TRUE,"Dato real: Acumulado_VIS-VIE_periodo_gobierno.xlsx, hoja 'provincial', julio 2026."
pension-mis-mejores-anos,Pensión Mis Mejores Años,2026,07,2026-07-31,Zona 7,Loja,14166,9.3332,TRUE,"Dato real: Acumulado_VIS-VIE_periodo_gobierno.xlsx, hoja 'provincial', julio 2026."
pension-mis-mejores-anos,Pensión Mis Mejores Años,2026,07,2026-07-31,Zona 5,Los Ríos,20713,13.6466,TRUE,"Dato real: Acumulado_VIS-VIE_periodo_gobierno.xlsx, hoja 'provincial', julio 2026."
pension-mis-mejores-anos,Pensión Mis Mejores Años,2026,07,2026-07-31,Zona 4,Manabí,36362,23.9569,TRUE,"Dato real: Acumulado_VIS-VIE_periodo_gobierno.xlsx, hoja 'provincial', julio 2026."
pension-mis-mejores-anos,Pensión Mis Mejores Años,2026,07,2026-07-31,Zona 6,Morona Santiago,4436,2.9226,TRUE,"Dato real: Acumulado_VIS-VIE_periodo_gobierno.xlsx, hoja 'provincial', julio 2026."
pension-mis-mejores-anos,Pensión Mis Mejores Años,2026,07,2026-07-31,Zona 2,Napo,2841,1.8718,TRUE,"Dato real: Acumulado_VIS-VIE_periodo_gobierno.xlsx, hoja 'provincial', julio 2026."
pension-mis-mejores-anos,Pensión Mis Mejores Años,2026,07,2026-07-31,Zona 2,Orellana,3070,2.0226,TRUE,"Dato real: Acumulado_VIS-VIE_periodo_gobierno.xlsx, hoja 'provincial', julio 2026."
pension-mis-mejores-anos,Pensión Mis Mejores Años,2026,07,2026-07-31,Zona 3,Pastaza,2105,1.3869,TRUE,"Dato real: Acumulado_VIS-VIE_periodo_gobierno.xlsx, hoja 'provincial', julio 2026."
pension-mis-mejores-anos,Pensión Mis Mejores Años,2026,07,2026-07-31,Zona 2,Pichincha,22683,14.9445,TRUE,"Dato real: Acumulado_VIS-VIE_periodo_gobierno.xlsx, hoja 'provincial', julio 2026."
pension-mis-mejores-anos,Pensión Mis Mejores Años,2026,07,2026-07-31,Zona 5,Santa Elena,7173,4.7259,TRUE,"Dato real: Acumulado_VIS-VIE_periodo_gobierno.xlsx, hoja 'provincial', julio 2026."
pension-mis-mejores-anos,Pensión Mis Mejores Años,2026,07,2026-07-31,Zona 4,Santo Domingo de los Tsáchilas,7411,4.8827,TRUE,"Dato real: Acumulado_VIS-VIE_periodo_gobierno.xlsx, hoja 'provincial', julio 2026."
pension-mis-mejores-anos,Pensión Mis Mejores Años,2026,07,2026-07-31,Zona 1,Sucumbíos,4182,2.7553,TRUE,"Dato real: Acumulado_VIS-VIE_periodo_gobierno.xlsx, hoja 'provincial', julio 2026."
pension-mis-mejores-anos,Pensión Mis Mejores Años,2026,07,2026-07-31,Zona 3,Tungurahua,16027,10.5593,TRUE,"Dato real: Acumulado_VIS-VIE_periodo_gobierno.xlsx, hoja 'provincial', julio 2026."
pension-mis-mejores-anos,Pensión Mis Mejores Años,2026,07,2026-07-31,Zona 7,Zamora Chinchipe,2459,1.6201,TRUE,"Dato real: Acumulado_VIS-VIE_periodo_gobierno.xlsx, hoja 'provincial', julio 2026."
pension-mis-mejores-anos,Pensión Mis Mejores Años,2026,07,2026-07-31,No especificada,Zona en estudio,106,0.0698,TRUE,"Dato real: Acumulado_VIS-VIE_periodo_gobierno.xlsx, hoja 'provincial', julio 2026."
pension-toda-una-vida,Pensión Toda Una Vida,2025,12,,Zona 6,Azuay,0,8.796857,TRUE,"Acumulado real nov 2023-dic 2025 (columna 'acumulado 2023-2025' del Excel VIS-VIE), colocado como un solo bloque en dic-2025 porque el archivo no permite desagregar por mes. No incluye beneficiarios acumulados (el Excel no trae esa cifra para este periodo)."
pension-toda-una-vida,Pensión Toda Una Vida,2025,12,,Zona 5,Bolívar,0,4.598236,TRUE,"Acumulado real nov 2023-dic 2025 (columna 'acumulado 2023-2025' del Excel VIS-VIE), colocado como un solo bloque en dic-2025 porque el archivo no permite desagregar por mes. No incluye beneficiarios acumulados (el Excel no trae esa cifra para este periodo)."
pension-toda-una-vida,Pensión Toda Una Vida,2025,12,,Zona 6,Cañar,0,3.773556,TRUE,"Acumulado real nov 2023-dic 2025 (columna 'acumulado 2023-2025' del Excel VIS-VIE), colocado como un solo bloque en dic-2025 porque el archivo no permite desagregar por mes. No incluye beneficiarios acumulados (el Excel no trae esa cifra para este periodo)."
pension-toda-una-vida,Pensión Toda Una Vida,2025,12,,Zona 1,Carchi,0,2.127384,TRUE,"Acumulado real nov 2023-dic 2025 (columna 'acumulado 2023-2025' del Excel VIS-VIE), colocado como un solo bloque en dic-2025 porque el archivo no permite desagregar por mes. No incluye beneficiarios acumulados (el Excel no trae esa cifra para este periodo)."
pension-toda-una-vida,Pensión Toda Una Vida,2025,12,,Zona 3,Chimborazo,0,6.359442,TRUE,"Acumulado real nov 2023-dic 2025 (columna 'acumulado 2023-2025' del Excel VIS-VIE), colocado como un solo bloque en dic-2025 porque el archivo no permite desagregar por mes. No incluye beneficiarios acumulados (el Excel no trae esa cifra para este periodo)."
pension-toda-una-vida,Pensión Toda Una Vida,2025,12,,Zona 3,Cotopaxi,0,6.580658,TRUE,"Acumulado real nov 2023-dic 2025 (columna 'acumulado 2023-2025' del Excel VIS-VIE), colocado como un solo bloque en dic-2025 porque el archivo no permite desagregar por mes. No incluye beneficiarios acumulados (el Excel no trae esa cifra para este periodo)."
pension-toda-una-vida,Pensión Toda Una Vida,2025,12,,Zona 7,El Oro,0,6.266019,TRUE,"Acumulado real nov 2023-dic 2025 (columna 'acumulado 2023-2025' del Excel VIS-VIE), colocado como un solo bloque en dic-2025 porque el archivo no permite desagregar por mes. No incluye beneficiarios acumulados (el Excel no trae esa cifra para este periodo)."
pension-toda-una-vida,Pensión Toda Una Vida,2025,12,,Zona 1,Esmeraldas,0,9.928308,TRUE,"Acumulado real nov 2023-dic 2025 (columna 'acumulado 2023-2025' del Excel VIS-VIE), colocado como un solo bloque en dic-2025 porque el archivo no permite desagregar por mes. No incluye beneficiarios acumulados (el Excel no trae esa cifra para este periodo)."
pension-toda-una-vida,Pensión Toda Una Vida,2025,12,,Zona 5,Galápagos,0,0.014155,TRUE,"Acumulado real nov 2023-dic 2025 (columna 'acumulado 2023-2025' del Excel VIS-VIE), colocado como un solo bloque en dic-2025 porque el archivo no permite desagregar por mes. No incluye beneficiarios acumulados (el Excel no trae esa cifra para este periodo)."
pension-toda-una-vida,Pensión Toda Una Vida,2025,12,,Zona 5,Guayas,0,35.738879,TRUE,"Acumulado real nov 2023-dic 2025 (columna 'acumulado 2023-2025' del Excel VIS-VIE), colocado como un solo bloque en dic-2025 porque el archivo no permite desagregar por mes. No incluye beneficiarios acumulados (el Excel no trae esa cifra para este periodo)."
pension-toda-una-vida,Pensión Toda Una Vida,2025,12,,Zona 1,Imbabura,0,5.925542,TRUE,"Acumulado real nov 2023-dic 2025 (columna 'acumulado 2023-2025' del Excel VIS-VIE), colocado como un solo bloque en dic-2025 porque el archivo no permite desagregar por mes. No incluye beneficiarios acumulados (el Excel no trae esa cifra para este periodo)."
pension-toda-una-vida,Pensión Toda Una Vida,2025,12,,Zona 7,Loja,0,8.128446,TRUE,"Acumulado real nov 2023-dic 2025 (columna 'acumulado 2023-2025' del Excel VIS-VIE), colocado como un solo bloque en dic-2025 porque el archivo no permite desagregar por mes. No incluye beneficiarios acumulados (el Excel no trae esa cifra para este periodo)."
pension-toda-una-vida,Pensión Toda Una Vida,2025,12,,Zona 5,Los Ríos,0,11.211946,TRUE,"Acumulado real nov 2023-dic 2025 (columna 'acumulado 2023-2025' del Excel VIS-VIE), colocado como un solo bloque en dic-2025 porque el archivo no permite desagregar por mes. No incluye beneficiarios acumulados (el Excel no trae esa cifra para este periodo)."
pension-toda-una-vida,Pensión Toda Una Vida,2025,12,,Zona 4,Manabí,0,24.187952,TRUE,"Acumulado real nov 2023-dic 2025 (columna 'acumulado 2023-2025' del Excel VIS-VIE), colocado como un solo bloque en dic-2025 porque el archivo no permite desagregar por mes. No incluye beneficiarios acumulados (el Excel no trae esa cifra para este periodo)."
pension-toda-una-vida,Pensión Toda Una Vida,2025,12,,Zona 6,Morona Santiago,0,4.244293,TRUE,"Acumulado real nov 2023-dic 2025 (columna 'acumulado 2023-2025' del Excel VIS-VIE), colocado como un solo bloque en dic-2025 porque el archivo no permite desagregar por mes. No incluye beneficiarios acumulados (el Excel no trae esa cifra para este periodo)."
pension-toda-una-vida,Pensión Toda Una Vida,2025,12,,Zona 2,Napo,0,2.986896,TRUE,"Acumulado real nov 2023-dic 2025 (columna 'acumulado 2023-2025' del Excel VIS-VIE), colocado como un solo bloque en dic-2025 porque el archivo no permite desagregar por mes. No incluye beneficiarios acumulados (el Excel no trae esa cifra para este periodo)."
pension-toda-una-vida,Pensión Toda Una Vida,2025,12,,Zona 2,Orellana,0,3.198405,TRUE,"Acumulado real nov 2023-dic 2025 (columna 'acumulado 2023-2025' del Excel VIS-VIE), colocado como un solo bloque en dic-2025 porque el archivo no permite desagregar por mes. No incluye beneficiarios acumulados (el Excel no trae esa cifra para este periodo)."
pension-toda-una-vida,Pensión Toda Una Vida,2025,12,,Zona 3,Pastaza,0,1.617383,TRUE,"Acumulado real nov 2023-dic 2025 (columna 'acumulado 2023-2025' del Excel VIS-VIE), colocado como un solo bloque en dic-2025 porque el archivo no permite desagregar por mes. No incluye beneficiarios acumulados (el Excel no trae esa cifra para este periodo)."
pension-toda-una-vida,Pensión Toda Una Vida,2025,12,,Zona 2,Pichincha,0,15.233007,TRUE,"Acumulado real nov 2023-dic 2025 (columna 'acumulado 2023-2025' del Excel VIS-VIE), colocado como un solo bloque en dic-2025 porque el archivo no permite desagregar por mes. No incluye beneficiarios acumulados (el Excel no trae esa cifra para este periodo)."
pension-toda-una-vida,Pensión Toda Una Vida,2025,12,,Zona 5,Santa Elena,0,6.461874,TRUE,"Acumulado real nov 2023-dic 2025 (columna 'acumulado 2023-2025' del Excel VIS-VIE), colocado como un solo bloque en dic-2025 porque el archivo no permite desagregar por mes. No incluye beneficiarios acumulados (el Excel no trae esa cifra para este periodo)."
pension-toda-una-vida,Pensión Toda Una Vida,2025,12,,Zona 4,Santo Domingo de los Tsáchilas,0,5.832061,TRUE,"Acumulado real nov 2023-dic 2025 (columna 'acumulado 2023-2025' del Excel VIS-VIE), colocado como un solo bloque en dic-2025 porque el archivo no permite desagregar por mes. No incluye beneficiarios acumulados (el Excel no trae esa cifra para este periodo)."
pension-toda-una-vida,Pensión Toda Una Vida,2025,12,,Zona 1,Sucumbíos,0,3.485151,TRUE,"Acumulado real nov 2023-dic 2025 (columna 'acumulado 2023-2025' del Excel VIS-VIE), colocado como un solo bloque en dic-2025 porque el archivo no permite desagregar por mes. No incluye beneficiarios acumulados (el Excel no trae esa cifra para este periodo)."
pension-toda-una-vida,Pensión Toda Una Vida,2025,12,,Zona 3,Tungurahua,0,4.799002,TRUE,"Acumulado real nov 2023-dic 2025 (columna 'acumulado 2023-2025' del Excel VIS-VIE), colocado como un solo bloque en dic-2025 porque el archivo no permite desagregar por mes. No incluye beneficiarios acumulados (el Excel no trae esa cifra para este periodo)."
pension-toda-una-vida,Pensión Toda Una Vida,2025,12,,Zona 7,Zamora Chinchipe,0,2.106809,TRUE,"Acumulado real nov 2023-dic 2025 (columna 'acumulado 2023-2025' del Excel VIS-VIE), colocado como un solo bloque en dic-2025 porque el archivo no permite desagregar por mes. No incluye beneficiarios acumulados (el Excel no trae esa cifra para este periodo)."
pension-toda-una-vida,Pensión Toda Una Vida,2025,12,,No especificada,Zona en estudio,0,0.00822,TRUE,"Acumulado real nov 2023-dic 2025 (columna 'acumulado 2023-2025' del Excel VIS-VIE), colocado como un solo bloque en dic-2025 porque el archivo no permite desagregar por mes. No incluye beneficiarios acumulados (el Excel no trae esa cifra para este periodo)."
pension-toda-una-vida,Pensión Toda Una Vida,2026,07,2026-07-31,Zona 6,Azuay,3404,2.3084,TRUE,"Dato real: Acumulado_VIS-VIE_periodo_gobierno.xlsx, hoja 'provincial', julio 2026."
pension-toda-una-vida,Pensión Toda Una Vida,2026,07,2026-07-31,Zona 5,Bolívar,1827,1.239,TRUE,"Dato real: Acumulado_VIS-VIE_periodo_gobierno.xlsx, hoja 'provincial', julio 2026."
pension-toda-una-vida,Pensión Toda Una Vida,2026,07,2026-07-31,Zona 6,Cañar,1473,0.9989,TRUE,"Dato real: Acumulado_VIS-VIE_periodo_gobierno.xlsx, hoja 'provincial', julio 2026."
pension-toda-una-vida,Pensión Toda Una Vida,2026,07,2026-07-31,Zona 1,Carchi,869,0.5893,TRUE,"Dato real: Acumulado_VIS-VIE_periodo_gobierno.xlsx, hoja 'provincial', julio 2026."
pension-toda-una-vida,Pensión Toda Una Vida,2026,07,2026-07-31,Zona 3,Chimborazo,2488,1.6872,TRUE,"Dato real: Acumulado_VIS-VIE_periodo_gobierno.xlsx, hoja 'provincial', julio 2026."
pension-toda-una-vida,Pensión Toda Una Vida,2026,07,2026-07-31,Zona 3,Cotopaxi,2590,1.7564,TRUE,"Dato real: Acumulado_VIS-VIE_periodo_gobierno.xlsx, hoja 'provincial', julio 2026."
pension-toda-una-vida,Pensión Toda Una Vida,2026,07,2026-07-31,Zona 7,El Oro,2413,1.6363,TRUE,"Dato real: Acumulado_VIS-VIE_periodo_gobierno.xlsx, hoja 'provincial', julio 2026."
pension-toda-una-vida,Pensión Toda Una Vida,2026,07,2026-07-31,Zona 1,Esmeraldas,4403,2.9858,TRUE,"Dato real: Acumulado_VIS-VIE_periodo_gobierno.xlsx, hoja 'provincial', julio 2026."
pension-toda-una-vida,Pensión Toda Una Vida,2026,07,2026-07-31,Zona 5,Galápagos,9,0.0061,TRUE,"Dato real: Acumulado_VIS-VIE_periodo_gobierno.xlsx, hoja 'provincial', julio 2026."
pension-toda-una-vida,Pensión Toda Una Vida,2026,07,2026-07-31,Zona 5,Guayas,14121,9.576,TRUE,"Dato real: Acumulado_VIS-VIE_periodo_gobierno.xlsx, hoja 'provincial', julio 2026."
pension-toda-una-vida,Pensión Toda Una Vida,2026,07,2026-07-31,Zona 1,Imbabura,2417,1.6391,TRUE,"Dato real: Acumulado_VIS-VIE_periodo_gobierno.xlsx, hoja 'provincial', julio 2026."
pension-toda-una-vida,Pensión Toda Una Vida,2026,07,2026-07-31,Zona 7,Loja,3226,2.1877,TRUE,"Dato real: Acumulado_VIS-VIE_periodo_gobierno.xlsx, hoja 'provincial', julio 2026."
pension-toda-una-vida,Pensión Toda Una Vida,2026,07,2026-07-31,Zona 5,Los Ríos,4403,2.9858,TRUE,"Dato real: Acumulado_VIS-VIE_periodo_gobierno.xlsx, hoja 'provincial', julio 2026."
pension-toda-una-vida,Pensión Toda Una Vida,2026,07,2026-07-31,Zona 4,Manabí,9949,6.7468,TRUE,"Dato real: Acumulado_VIS-VIE_periodo_gobierno.xlsx, hoja 'provincial', julio 2026."
pension-toda-una-vida,Pensión Toda Una Vida,2026,07,2026-07-31,Zona 6,Morona Santiago,1623,1.1006,TRUE,"Dato real: Acumulado_VIS-VIE_periodo_gobierno.xlsx, hoja 'provincial', julio 2026."
pension-toda-una-vida,Pensión Toda Una Vida,2026,07,2026-07-31,Zona 2,Napo,1199,0.8131,TRUE,"Dato real: Acumulado_VIS-VIE_periodo_gobierno.xlsx, hoja 'provincial', julio 2026."
pension-toda-una-vida,Pensión Toda Una Vida,2026,07,2026-07-31,Zona 2,Orellana,1234,0.8368,TRUE,"Dato real: Acumulado_VIS-VIE_periodo_gobierno.xlsx, hoja 'provincial', julio 2026."
pension-toda-una-vida,Pensión Toda Una Vida,2026,07,2026-07-31,Zona 3,Pastaza,708,0.4801,TRUE,"Dato real: Acumulado_VIS-VIE_periodo_gobierno.xlsx, hoja 'provincial', julio 2026."
pension-toda-una-vida,Pensión Toda Una Vida,2026,07,2026-07-31,Zona 2,Pichincha,6547,4.4398,TRUE,"Dato real: Acumulado_VIS-VIE_periodo_gobierno.xlsx, hoja 'provincial', julio 2026."
pension-toda-una-vida,Pensión Toda Una Vida,2026,07,2026-07-31,Zona 5,Santa Elena,2578,1.7482,TRUE,"Dato real: Acumulado_VIS-VIE_periodo_gobierno.xlsx, hoja 'provincial', julio 2026."
pension-toda-una-vida,Pensión Toda Una Vida,2026,07,2026-07-31,Zona 4,Santo Domingo de los Tsáchilas,2338,1.5855,TRUE,"Dato real: Acumulado_VIS-VIE_periodo_gobierno.xlsx, hoja 'provincial', julio 2026."
pension-toda-una-vida,Pensión Toda Una Vida,2026,07,2026-07-31,Zona 1,Sucumbíos,1402,0.9507,TRUE,"Dato real: Acumulado_VIS-VIE_periodo_gobierno.xlsx, hoja 'provincial', julio 2026."
pension-toda-una-vida,Pensión Toda Una Vida,2026,07,2026-07-31,Zona 3,Tungurahua,1872,1.2695,TRUE,"Dato real: Acumulado_VIS-VIE_periodo_gobierno.xlsx, hoja 'provincial', julio 2026."
pension-toda-una-vida,Pensión Toda Una Vida,2026,07,2026-07-31,Zona 7,Zamora Chinchipe,856,0.5805,TRUE,"Dato real: Acumulado_VIS-VIE_periodo_gobierno.xlsx, hoja 'provincial', julio 2026."
pension-toda-una-vida,Pensión Toda Una Vida,2026,07,2026-07-31,No especificada,Zona en estudio,11,0.0075,TRUE,"Dato real: Acumulado_VIS-VIE_periodo_gobierno.xlsx, hoja 'provincial', julio 2026."
