per,etnia,est,li,ls,cv
Jul_22-Jul_23,Indígena,0.333597,0.296847,0.372486,0.057855
Jul_22-Jul_23,Afroecuatoriana/o,0.156585,0.109856,0.218316,0.175349
Jul_22-Jul_23,Montubia/o,0.150236,0.093673,0.232204,0.231962
Jul_22-Jul_23,Mestiza/o,0.191997,0.176059,0.209011,0.043757
Jul_22-Jul_23,Blanca/o u Otra/o,0.189163,0.095382,0.340449,0.327624
Jul_23-Ago_24,Indígena,0.322856,0.279228,0.369803,0.071631
Jul_23-Ago_24,Afroecuatoriana/o,0.10536,0.065694,0.164753,0.234912
Jul_23-Ago_24,Montubia/o,0.186555,0.137608,0.247909,0.150042
Jul_23-Ago_24,Mestiza/o,0.185479,0.170486,0.20147,0.042589
Jul_23-Ago_24,Blanca/o u Otra/o,0.131067,0.059408,0.264825,0.384594
