per,p,est,cv
Dic_12,Chimborazo,0.403568,0.129082
Dic_12,Santa Elena,0.349831,0.136775
Dic_12,Cañar,0.374165,0.137666
Dic_12,Bolívar,0.378213,0.103041
Dic_12,Imbabura,0.383608,0.093268
Dic_12,Carchi,0.338086,0.107157
Dic_12,Cotopaxi,0.301195,0.1527
Dic_12,Azuay,0.309518,0.180223
Dic_12,Loja,0.272846,0.148541
Dic_12,Morona Santiago,0.265095,0.124384
Dic_12,Tungurahua,0.25187,0.168295
Dic_12,Pastaza,0.224577,0.129079
Dic_12,Napo,0.215464,0.13455
Dic_12,Esmeraldas,0.223322,0.151545
Dic_12,Guayas,0.205072,0.169228
Dic_12,Los Ríos,0.200261,0.186027
Dic_12,Zamora Chinchipe,0.198078,0.179983
Dic_12,Manabí,0.196283,0.215832
Dic_12,Orellana,0.158129,0.144193
Dic_12,El Oro,0.154452,0.214219
Dic_12,Sucumbíos,0.143874,0.202063
Dic_12,Sto Domingo,0.136816,0.152306
Dic_12,Pichincha,0.228569,0.111101
Dic_12,Galápagos,0.089271,0.346736
Dic_18,Chimborazo,0.336696,0.105083
Dic_18,Carchi,0.327662,0.127325
Dic_18,Pastaza,0.319289,0.124338
Dic_18,Santa Elena,0.318486,0.100405
Dic_18,Bolívar,0.291538,0.150683
Dic_18,Cotopaxi,0.281095,0.111512
Dic_18,Cañar,0.287105,0.127573
Dic_18,Tungurahua,0.311838,0.169251
Dic_18,Napo,0.297986,0.109743
Dic_18,Morona Santiago,0.353125,0.103016
Dic_18,Orellana,0.264204,0.100451
Dic_18,Sucumbíos,0.269336,0.106268
Dic_18,Azuay,0.269627,0.301422
Dic_18,Loja,0.246781,0.132473
Dic_18,Imbabura,0.252032,0.127438
Dic_18,Pichincha,0.221229,0.146562
Dic_18,Esmeraldas,0.23262,0.121572
Dic_18,Manabí,0.219208,0.093093
Dic_18,Guayas,0.204688,0.104716
Dic_18,Zamora Chinchipe,0.175803,0.140923
Dic_18,Los Ríos,0.177024,0.102156
Dic_18,El Oro,0.183642,0.093787
Dic_18,Sto Domingo,0.251672,0.09502
Dic_18,Zona no delim.,0.190637,0.498918
Jul_22-Jul_23,Chimborazo,0.351074,0.116214
Jul_22-Jul_23,Tungurahua,0.294127,0.085131
Jul_22-Jul_23,Bolívar,0.3034,0.109476
Jul_22-Jul_23,Pastaza,0.29311,0.137544
Jul_22-Jul_23,Santa Elena,0.298437,0.100581
Jul_22-Jul_23,Cotopaxi,0.276261,0.150969
Jul_22-Jul_23,Azuay,0.248236,0.106028
Jul_22-Jul_23,Loja,0.226085,0.133973
Jul_22-Jul_23,Manabí,0.2319,0.123737
Jul_22-Jul_23,Morona Santiago,0.231061,0.124704
Jul_22-Jul_23,Cañar,0.22851,0.129226
Jul_22-Jul_23,Napo,0.200876,0.149159
Jul_22-Jul_23,Pichincha,0.220812,0.078655
Jul_22-Jul_23,Carchi,0.221787,0.141676
Jul_22-Jul_23,Imbabura,0.162062,0.198201
Jul_22-Jul_23,Zamora Chinchipe,0.185836,0.117697
Jul_22-Jul_23,Guayas,0.16077,0.13004
Jul_22-Jul_23,Esmeraldas,0.15578,0.146759
Jul_22-Jul_23,Sto Domingo,0.156275,0.133116
Jul_22-Jul_23,Los Ríos,0.143571,0.150058
Jul_22-Jul_23,Orellana,0.16128,0.184562
Jul_22-Jul_23,El Oro,0.0981,0.170405
Jul_22-Jul_23,Sucumbíos,0.132567,0.239583
Jul_23-Ago_24,Chimborazo,0.401177,0.072492
Jul_23-Ago_24,Pastaza,0.250292,0.179374
Jul_23-Ago_24,Santa Elena,0.326304,0.091411
Jul_23-Ago_24,Tungurahua,0.278868,0.082387
Jul_23-Ago_24,Cotopaxi,0.281867,0.111675
Jul_23-Ago_24,Bolívar,0.243061,0.117874
Jul_23-Ago_24,Carchi,0.222754,0.122974
Jul_23-Ago_24,Imbabura,0.223054,0.152596
Jul_23-Ago_24,Azuay,0.210838,0.102182
Jul_23-Ago_24,Pichincha,0.223045,0.078177
Jul_23-Ago_24,Manabí,0.192351,0.102823
Jul_23-Ago_24,Morona Santiago,0.196924,0.188
Jul_23-Ago_24,Guayas,0.171463,0.114898
Jul_23-Ago_24,Napo,0.174918,0.140331
Jul_23-Ago_24,Cañar,0.197004,0.121141
Jul_23-Ago_24,Orellana,0.189619,0.160064
Jul_23-Ago_24,Esmeraldas,0.151708,0.150525
Jul_23-Ago_24,Zamora Chinchipe,0.117467,0.149215
Jul_23-Ago_24,Loja,0.121219,0.215626
Jul_23-Ago_24,Sucumbíos,0.119728,0.219058
Jul_23-Ago_24,Los Ríos,0.105472,0.173918
Jul_23-Ago_24,El Oro,0.098272,0.151538
Jul_23-Ago_24,Sto Domingo,0.120074,0.134704
