per,area,est,li,ls,cv
Dic_12,Nacional,0.239737,0.218667,0.260806,0.044809
Dic_12,Urbano,0.213541,0.18747,0.239613,0.062248
Dic_12,Rural,0.290027,0.255565,0.32449,0.060583
Dic_14,Nacional,0.247977,0.230135,0.265818,0.036691
Dic_14,Urbano,0.223136,0.198883,0.247388,0.055427
Dic_14,Rural,0.293634,0.270317,0.316951,0.040495
Dic_18,Nacional,0.235699,0.218573,0.253731,0.038038
Dic_18,Urbano,0.20998,0.189815,0.231675,0.050813
Dic_18,Rural,0.288954,0.258417,0.321535,0.055697
Jul_22-Jul_23,Nacional,0.200528,0.186614,0.215206,0.036356
Jul_22-Jul_23,Urbano,0.189415,0.170777,0.209572,0.052202
Jul_22-Jul_23,Rural,0.219436,0.199606,0.240644,0.047654
Jul_23-Ago_24,Nacional,0.192663,0.179699,0.206328,0.03524
Jul_23-Ago_24,Urbano,0.176028,0.159091,0.194352,0.05105
Jul_23-Ago_24,Rural,0.220509,0.201285,0.241015,0.04591
