provincias,inasistencia,educ_sup,saneamiento,basura
Azuay,6.53,19.18,4.56,5.6
Bolívar,10.01,14.2,13,32.79
Cañar,6.19,24.13,5.88,6.35
Carchi,9.85,20.94,23.33,27.93
Cotopaxi,10.13,33.85,12.31,33.36
Chimborazo,10.41,27.34,7.01,18.06
El Oro,7.14,21.87,6.55,2.54
Esmeraldas,11.23,33.65,34.98,19.88
Guayas,9.34,10.28,32.81,12.03
Imbabura,9.94,30.96,15.53,14.98
Loja,7.98,31.99,12.64,30.11
Los Ríos,11.64,14.76,29.8,13.7
Manabí,7.16,15.08,29.89,19.62
M. Santiago,21.61,24.8,83.73,83.11
Napo,13.51,51.24,28.44,32.47
Pastaza,12.3,35.72,18.82,21
Pichincha,6.57,20.33,4.62,5.83
Tungurahua,6,26.9,2.64,7.79
Z. Chinchipe,10.98,26.16,12.47,25.43
Galápagos,3.79,27.93,42.24,0.8
Sucumbíos,10.51,33.84,19.92,18.2
Orellana,16.62,52.91,53.38,58.15
Sto. Domingo,8.93,10.83,23.13,9.88
Santa Elena,8.95,11.91,37.05,0.82
