nombre,v23,v24,v25,var,rojo
Inasistencia educ. básica y bachillerato,8.98,9.36,8.97,-4.2,false
No acceso a educ. superior (económica),19.94,18.89,19.21,1.7,true
Logro educativo incompleto,32.85,33.13,32.19,-2.8,false
Empleo infantil y adolescente,6.9,7.21,5.76,-20.1,false
Desempleo o empleo inadecuado,43.21,43.17,42.55,-1.4,false
No contribución al sistema de pensiones,43.27,43.32,43.14,-0.4,false
Pobreza extrema por ingresos,8.75,8.81,6.83,-22.5,false
Sin servicio de agua por red pública,19.86,21,20.24,-3.6,false
Hacinamiento,14.8,13.98,14,0.1,true
Déficit habitacional,57.03,57.86,56.35,-2.6,false
Sin saneamiento de excretas,20.12,19.64,20.78,5.8,true
Sin servicio de recolección de basura,12.7,11.8,14.22,20.5,true
