periodo,desagregacion,tpm,li,ls,cv
I Trim 2022,Nacional,0.4129,0.3861,0.4397,0.0331
I Trim 2022,Urbano,0.2642,0.2329,0.2955,0.0605
I Trim 2022,Rural,0.7297,0.6966,0.7628,0.0231
I Trim 2022,Hombre,0.4266,0.3967,0.4564,0.0357
I Trim 2022,Mujer,0.3998,0.3749,0.4246,0.0317
II Trim 2022,Nacional,0.3979,0.3642,0.4317,0.0433
II Trim 2022,Urbano,0.2535,0.2085,0.2985,0.0906
II Trim 2022,Rural,0.7071,0.6684,0.7458,0.0279
II Trim 2022,Hombre,0.4135,0.3744,0.4526,0.0483
II Trim 2022,Mujer,0.383,0.3534,0.4125,0.0393
III Trim 2022,Nacional,0.3963,0.3726,0.42,0.0305
III Trim 2022,Urbano,0.2434,0.2203,0.2666,0.0485
III Trim 2022,Rural,0.7231,0.6892,0.7571,0.0239
III Trim 2022,Hombre,0.4059,0.3813,0.4304,0.0309
III Trim 2022,Mujer,0.3872,0.3632,0.4111,0.0316
IV Trim 2022,Nacional,0.388,0.3589,0.4171,0.0382
IV Trim 2022,Urbano,0.2305,0.2024,0.2585,0.0621
IV Trim 2022,Rural,0.7255,0.6875,0.7634,0.0267
IV Trim 2022,Hombre,0.3956,0.3652,0.426,0.0392
IV Trim 2022,Mujer,0.3807,0.3519,0.4095,0.0386
I Trim 2023,Nacional,0.3941,0.3606,0.4276,0.0434
I Trim 2023,Urbano,0.2481,0.2224,0.2739,0.053
I Trim 2023,Rural,0.7073,0.659,0.7556,0.0348
I Trim 2023,Hombre,0.405,0.371,0.439,0.0428
I Trim 2023,Mujer,0.3837,0.3496,0.4178,0.0453
II Trim 2023,Nacional,0.3865,0.3498,0.4231,0.0484
II Trim 2023,Urbano,0.2408,0.2135,0.2682,0.0579
II Trim 2023,Rural,0.6982,0.6448,0.7515,0.039
II Trim 2023,Hombre,0.3993,0.361,0.4377,0.049
II Trim 2023,Mujer,0.3741,0.3382,0.41,0.0489
III Trim 2023,Nacional,0.3763,0.3508,0.4018,0.0346
III Trim 2023,Urbano,0.223,0.2029,0.2432,0.0461
III Trim 2023,Rural,0.7047,0.6681,0.7413,0.0265
III Trim 2023,Hombre,0.3883,0.3624,0.4143,0.0341
III Trim 2023,Mujer,0.3648,0.3385,0.391,0.0367
IV Trim 2023,Nacional,0.3887,0.3583,0.419,0.0398
IV Trim 2023,Urbano,0.2391,0.2079,0.2704,0.0667
IV Trim 2023,Rural,0.7085,0.6699,0.7471,0.0278
IV Trim 2023,Hombre,0.4016,0.3708,0.4324,0.0391
IV Trim 2023,Mujer,0.3763,0.3451,0.4075,0.0423
I Trim 2024,Nacional,0.3976,0.3599,0.4354,0.0484
I Trim 2024,Urbano,0.239,0.2073,0.2707,0.0676
I Trim 2024,Rural,0.7371,0.6894,0.7848,0.033
I Trim 2024,Hombre,0.4092,0.3725,0.4459,0.0457
I Trim 2024,Mujer,0.3865,0.3464,0.4267,0.053
II Trim 2024,Nacional,0.3887,0.352,0.4254,0.0482
II Trim 2024,Urbano,0.238,0.2079,0.268,0.0645
II Trim 2024,Rural,0.7117,0.6618,0.7616,0.0358
II Trim 2024,Hombre,0.3979,0.3592,0.4366,0.0497
II Trim 2024,Mujer,0.3798,0.3437,0.4159,0.0485
III Trim 2024,Nacional,0.3827,0.3459,0.4194,0.0489
III Trim 2024,Urbano,0.2332,0.2027,0.2638,0.0668
III Trim 2024,Rural,0.7031,0.6503,0.7559,0.0383
III Trim 2024,Hombre,0.3931,0.3518,0.4344,0.0536
III Trim 2024,Mujer,0.3726,0.3388,0.4065,0.0463
IV Trim 2024,Nacional,0.3899,0.3388,0.441,0.0669
IV Trim 2024,Urbano,0.2402,0.1978,0.2826,0.09
IV Trim 2024,Rural,0.7111,0.6412,0.7809,0.0501
IV Trim 2024,Hombre,0.3947,0.3427,0.4468,0.0673
IV Trim 2024,Mujer,0.3853,0.3337,0.4368,0.0682
I Trim 2025,Nacional,0.4001,0.3422,0.4581,0.0739
I Trim 2025,Urbano,0.2435,0.2077,0.2793,0.075
I Trim 2025,Rural,0.7341,0.6573,0.8109,0.0533
I Trim 2025,Hombre,0.4129,0.3595,0.4662,0.0659
I Trim 2025,Mujer,0.3879,0.3249,0.4509,0.0829
II Trim 2025,Nacional,0.3744,0.3223,0.4265,0.071
II Trim 2025,Urbano,0.2212,0.1938,0.2486,0.0631
II Trim 2025,Rural,0.7024,0.627,0.7778,0.0548
II Trim 2025,Hombre,0.3846,0.3304,0.4387,0.0718
II Trim 2025,Mujer,0.3646,0.3135,0.4157,0.0715
III Trim 2025,Nacional,0.3675,0.318,0.4169,0.0686
III Trim 2025,Urbano,0.2075,0.1779,0.2371,0.0728
III Trim 2025,Rural,0.7098,0.6411,0.7784,0.0493
III Trim 2025,Hombre,0.3764,0.3172,0.4355,0.0801
III Trim 2025,Mujer,0.359,0.3179,0.4,0.0583
IV Trim 2025,Nacional,0.4056,0.3205,0.4907,0.107
IV Trim 2025,Urbano,0.2642,0.1204,0.4081,0.2776
IV Trim 2025,Rural,0.7088,0.6565,0.7611,0.0376
IV Trim 2025,Hombre,0.4143,0.3344,0.4941,0.0983
IV Trim 2025,Mujer,0.3972,0.3069,0.4876,0.116
I Trim 2026,Nacional,0.3731,0.3007,0.4454,0.0989
I Trim 2026,Urbano,0.218,0.171,0.265,0.11
I Trim 2026,Rural,0.7057,0.6048,0.8065,0.0729
I Trim 2026,Hombre,0.3744,0.3042,0.4447,0.0957
I Trim 2026,Mujer,0.3717,0.2969,0.4465,0.1026
