accion_id,institucion,titulo,descripcion,tipo,financiamiento,fuente_financiamiento,frecuencia,cobertura_territorial,fecha_inicio,fecha_fin,tipo_meta,meta_anual,componentes,corriente_planificado,inversion_planificado,nota_meta
sensibilizar-sobre-inclusion-equidad-paridad,MTDH,"Sensibilizar sobre inclusión, equidad y paridad laboral con enfoque de género.","Realizar talleres de sensibilización dirigido a empleadores del sector privado, instituciones del sector público, trabajadores y organizaciones de la sociedad civil, sobre derechos laborales de personas de grupos de atención prioritaria con enfoque de género.

2026: 673 
Enero: 56
Febrero: 56
Marzo: 56
Abril: 56
Mayo: 56
Junio:56
Julio:56
Agosto:56
Septiembre: 57
Octubre:56
Noviembre:56
Diciembre:56

Indicador: Número de talleres de sensibilización sobre inclusión, equidad y paridad laboral con enfoque de género.",Actividad relevante,No,,Mensual,Nacional,2026-01-01,2026-12-31,flujo,673,,,,Programación mensual tomada de la descripción.
gestionar-pasantias-sector-privado-verificacion,MTDH,"Gestionar las pasantías en el sector privado, para la verificación del cumplimiento de la normativa legal vigente.","Consolidar los registros de pasantías del sector empresarial a través la información cargada en el módulo de pasantías en el Sistema Único de Trabajo (SUT).

2026:    9.737
Enero: 843
Febrero: 844
Marzo: 844
Abril: 833
Mayo: 834
Junio: 833
Julio: 931
Agosto: 931
Septiembre: 930
Octubre: 800
Noviembre: 600
Diciembre: 514

Indicador: Número de jóvenes con pasantías laborales en el sector privado",Ley o normativa,No,,Mensual,Nacional,2026-01-01,2026-12-31,flujo,9737,,,,Programación mensual tomada de la descripción.
capacitar-jovenes-entre-18-29,MTDH,Capacitar a jóvenes entre 18 a 29 años a través de los cursos gestionados por el Servicio Público de Empleo.,"Gestionar cursos de capacitación gratuitos en coordinación con empresas privadas e instituciones públicas, los cuales buscan dotar a los participantes de herramientas actualizadas y pertinentes que les permitan mejorar su perfil profesional e incrementar su competitividad en el mercado laboral.

2026: 6.444

Enero: 537
Febrero: 537
Marzo: 537
Abril: 537
Mayo: 537
Junio: 537
Julio: 537
Agosto: 537
Septiembre: 537
Octubre: 537
Noviembre: 537
Diciembre: 537

Indicador: Número de jóvenes entre 18 a 29 años capacitados en los cursos gestionados a través del Servicio Público de Empleo.",Actividad relevante,No,,Mensual,Nacional,2026-01-01,2026-12-31,flujo,6444,,,,Programación mensual tomada de la descripción.
colocar-laboralmente-jovenes-entre-18,MTDH,Colocar laboralmente a jóvenes entre 18 a 29 años a través de las ofertas generadas en el Servicio Público de Empleo.,"Facilitar la inserción laboral de la ciudadanía mediante la difusión y gestión de las ofertas de empleo generadas por las instituciones públicas y privadas a través del Servicio Público de Empleo. Esta acción busca conectar a las personas demandantes de empleo con oportunidades laborales adecuadas a su perfil profesional, promoviendo el acceso equitativo al mercado de trabajo.

2026: 20.448

Enero: 1.704
Febrero: 1.704
Marzo: 1.704
Abril: 1.704
Mayo: 1.704
Junio: 1.704
Julio: 1.704
Agosto: 1.704
Septiembre: 1.704
Octubre: 1.704
Noviembre: 1.704
Diciembre: 1.704

Indicador: Número de jóvenes entre 18 a 29 años colocados en un empleo a través del Servicio Público de Empleo",Actividad relevante,No,,Mensual,Nacional,2026-01-01,2026-12-31,flujo,20448,,,,Programación mensual tomada de la descripción.
promover-talleres-habilidades-blandas-ciudadanos,MTDH,Promover talleres en habilidades blandas para ciudadanos que estén en búsqueda de empleo y personas que no estén vinculadas de manera formal al sector público o privado.,"Promocionar talleres virtuales gratuitos en la plataforma e-learning del Ministerio de Trabajo y Desarrollo Humano (habilidades blandas) sobre las temáticas de generación de idea de negocio; inicie su negocio; relaciones humanas; legislación laboral para emprendedores; marketing digital y; orientación laboral y búsqueda de empleo, con la finalidad de fortalecer el perfil laboral de las personas en búsqueda de empleo o generación de una idea de negocio.

2026: 11.738

Enero: 978
Febrero: 978
Marzo: 978
Abril: 978
Mayo: 978
Junio: 978
Julio:  978
Agosto:  978
Septiembre: 979
Octubre:  979
Noviembre: 978
Diciembre: 978

Indicador: Número de capacitados a través de talleres virtuales gratuitos en la plataforma e-learning del Ministerio de Trabajo y Desarrollo Humano (habilidades blandas) sobre las temáticas de generación de idea de negocio; inicie su negocio; relaciones humanas; legislación laboral para emprendedores; marketing digital y; orientación laboral y búsqueda de empleo",Actividad relevante,No,,Mensual,Nacional,2026-01-01,2026-12-31,flujo,11738,,,,Programación mensual tomada de la descripción.
capacitar-ciudadanos-traves-cursos-gestionados,MTDH,Capacitar a los ciudadanos a través de los cursos gestionados por el Servicio Público de Empleo.,"Gestionar cursos de capacitación gratuitos en coordinación con empresas privadas e instituciones públicas, los cuales buscan dotar a los participantes de herramientas actualizadas y pertinentes que les permitan mejorar su perfil profesional e incrementar su competitividad en el mercado laboral.

2026: 25.766

Enero: 2.147
Febrero: 2.147
Marzo: 2.148
Abril: 2.147
Mayo: 2.147
Junio: 2.147
Julio: 2.147
Agosto: 2.148
Septiembre: 2.147
Octubre: 2.147
Noviembre: 2.147
Diciembre: 2.147

Indicador: Número de personas capacitadas en los cursos gestionados a través del Servicio Público de Empleo.",Actividad relevante,No,,Mensual,Nacional,2026-01-01,2026-12-31,flujo,25766,,,,Programación mensual tomada de la descripción.
colocar-laboralmente-ciudadanos-traves-ofertas,MTDH,Colocar laboralmente a los ciudadanos a través de las ofertas generadas en el Servicio Público de Empleo.,"Facilitar la inserción laboral de la ciudadanía mediante la difusión y gestión de las ofertas de empleo generadas por las instituciones públicas y privadas a través del Servicio Público de Empleo. Esta acción busca conectar a las personas demandantes de empleo con oportunidades laborales adecuadas a su perfil profesional, promoviendo el acceso equitativo al mercado de trabajo.

2026: 35.648

Enero: 2.970
Febrero: 2.971
Marzo: 2.971
Abril: 2.970
Mayo: 2.971
Junio: 2.971
Julio: 2.970
Agosto: 2.971
Septiembre: 2.971
Octubre: 2.970
Noviembre: 2.971
Diciembre: 2.971

Indicador: Número de colocados en un empleo a través del Servicio Público de Empleo.",Actividad relevante,No,,Mensual,Nacional,2026-01-01,2026-12-31,flujo,35648,,,,Programación mensual tomada de la descripción.
sensibilizar-sobre-prevencion-trabajo-infantil,MTDH,Sensibilizar sobre la prevención del trabajo infantil.,"Realizar talleres de sensibilización dirigido a empleadores del sector privado, instituciones del sector público, trabajadores y organizaciones de la sociedad civil, sobre derechos laborales de personas de grupos de atención prioritaria, que incluyen la temática sobre la prevención del trabajo infantil.

2026: 177 
Enero: 14
Febrero: 15
Marzo: 15
Abril:15
Mayo:15
Junio:15
Julio:14
Agosto:15
Septiembre: 15
Octubre:15
Noviembre:15
Diciembre:14

Indicador: Número de talleres de sensibilización sobre la prevención del trabajo infantil.",Actividad relevante,No,,Mensual,Nacional,2026-01-01,2026-12-31,flujo,177,,,,Programación mensual tomada de la descripción.
ejecutar-inspecciones-identificacion-ninas-ninos,MTDH,"Ejecutar inspecciones para la identificación de niñas, niños y adolescentes en situación de trabajo infantil y trabajo adolescente peligroso.","Realizar inspecciones para la identificación de niñas, niños y adolescentes en situación de trabajo infantil y trabajo adolescente peligroso, dirigido a todos los empleadores del sector privado para verificar el cumplimiento de las obligaciones laborales. Los inspectores de las Direcciones Regionales realizan visitas técnicas.

2026: 623
Enero: 52
Febrero: 52
Marzo: 52
Abril: 52
Mayo: 52
Junio: 52
Julio: 51
Agosto: 52
Septiembre: 52
Octubre: 52
Noviembre: 52
Diciembre: 52

Indicador: Número de inspecciones realizadas para la identificación de niñas, niños y adolescentes en situación de trabajo infantil y trabajo adolescente peligroso.",Actividad relevante,No,,Mensual,Nacional,2026-01-01,2026-12-31,flujo,623,,,,Programación mensual tomada de la descripción.
otorgar-reconocimientos-entidades-publicas-implementan,MTDH,Otorgar reconocimientos a las entidades públicas que implementan buenas prácticas orientadas al fortalecimiento de la calidad y eficiencia de los servicios públicos.,"Asesorar y evaluar la gestión de la calidad de los servicios públicos, a través de la aplicación del Modelo Ecuatoriano de Calidad y Excelencia de conformidad con la normativa legal vigente, mejora sustancial de procesos y servicios, medición de la percepción ciudadana y aplicación de modelos de atención ciudadana con la finalidad que alcancen la excelencia en la gestión de las entidades del servicio público priorizadas.

2026: 24
Enero: 1
Febrero:1
Marzo: 1
Abril: 1
Mayo: 1 
Junio: 1
Julio: 2
Agosto: 4
Septiembre:6
Octubre: 4 
Noviembre:1
Diciembre: 1

Indicador: Número de reconocimientos que han alcanzado las entidades públicas en el Modelo Ecuatoriano de Calidad y Excelencia, Premio Ecuatoriano de Calidad y/o Menciones Especiales.",Actividad relevante,Sí,Fiscal,Mensual,Nacional,2026-01-01,2026-12-31,flujo,24,,10850,,Programación mensual tomada de la descripción.
controlar-tiempo-atencion-requerimientos-ciudadanos,MTDH,Controlar el tiempo de atención de los requerimientos ciudadanos en la herramienta Contacto Ciudadano Digital,"Controlar la atención oportuna de los requerimientos ciudadanos (preguntas, solicitudes de información, sugerencias, felicitaciones, quejas y denuncias administrativas) ingresados a través de la herramienta homologada “Contacto Ciudadano Digital” considerando la proporción de requerimientos resueltos dentro del tiempo máximo (20 días), de conformidad a la normativa vigente.

Total 2026: 97,32%
Enero: 99,04%
Febrero:99,04%
Marzo: 99,04%
Abril:96,82%
Mayo: 96,82%
Junio: 96,82%
Julio: 98,28%
Agosto:98,28%
Septiembre: 98,28%
Octubre: 97,32%
Noviembre: 97,32%
Diciembre: 97,32%

Indicador: Porcentaje de requerimientos ciudadanos atendidos por parte de las entidades públicas integradas a la herramienta “Contacto Ciudadano Digital” dentro del tiempo establecido.",Actividad relevante,No,,Mensual,Nacional,2026-01-01,2026-12-31,tasa,97.32,,,,Meta en porcentaje para cada mes (tasa).
