accion_id,actor,rol,descripcion_rol,incidencia
sensibilizar-sobre-inclusion-equidad-paridad,Ministerio de Trabajo y Desarrollo Humano,Ejecutor,Ejecutar los talleres de sensibilización sobre derechos laborales de personas de grupos de atención prioritaria con enfoque de género para aportar en la reducción de la brecha salarial entre hombres y mujeres.,Alta
gestionar-pasantias-sector-privado-verificacion,Ministerio de Trabajo y Desarrollo Humano,Rector,"El Ministerio de Trabajo y Desarrollo Humano emitió el Acuerdo Ministerial Nro. MDT-2017-0109, el cual tiene por objeto unificar la normativa que regula las pasantías, según lo determina la Ley de Pasantías.",Alta
capacitar-jovenes-entre-18-29,Ministerio de Trabajo y Desarrollo Humano,Articulador,"Para fortalecer el perfil laboral de los jóvenes, el Ministerio de Trabajo y Desarrollo Humano articula con instituciones públicas y privadas para brindar cursos gratuitos en ámbitos administrativos, tecnológicos y de servicios, fomentando el acceso, la calidad de la formación y la pertinencia de los contenidos de conformidad a las necesidades del mercado laboral.",Alta
colocar-laboralmente-jovenes-entre-18,Ministerio de Trabajo y Desarrollo Humano,Facilitador,"Mediante la plataforma del Servicio Público de Empleo, el Ministerio de Trabajo y Desarrolo Humano facilita el acercamiento de los jóvenes en búsqueda de empleo con ofertas laborales del sector público y privado a través de la vinculación de la hoja de vida para que participen en procesos de selección y contratación, asegurando el cierre de brechas entre perfiles profesionales y puestos ofertados en el mercado laboral.",Alta
promover-talleres-habilidades-blandas-ciudadanos,Ministerio de Trabajo y Desarrollo Humano,Ejecutor,"A través de los medios oficiales, el Ministerio de Trabajo y Desarrollo Humano pone a disposición los talleres de empleabilidad para fortalecer el perfil laboral de las personas en búsqueda de empleo y personas que no estén vinculadas de manera formal al sector público o privado.",Alta
capacitar-ciudadanos-traves-cursos-gestionados,Ministerio de Trabajo y Desarrollo Humano,Articulador,"Para fortalecer el perfil laboral de la ciudadanía, el Ministerio de Trabajo y Desarrollo Humano articula con instituciones públicas y privadas para brindar cursos gratuitos en ámbitos administrativos, tecnológicos y de servicios, fomentando el acceso, la calidad de la formación y la pertinencia de los contenidos de conformidad a las necesidades del mercado laboral.",Alta
colocar-laboralmente-ciudadanos-traves-ofertas,Ministerio de Trabajo y Desarrollo Humano,Facilitador,"Mediante la plataforma del Servicio Público de Empleo, el Ministerio de Trabajo y Desarrollo Humano facilita el acercamiento de las personas en búsqueda de empleo con ofertas laborales del sector público y privado a través de la vinculación de la hoja de vida para que participen en procesos de selección y contratación, asegurando el cierre de brechas entre perfiles profesionales y puestos ofertados en el mercado laboral.",Alta
sensibilizar-sobre-prevencion-trabajo-infantil,Ministerio de Trabajo y Desarrollo Humano,Ejecutor,Ejecutar talleres de sensibilización sobre derechos laborales de personas de grupos de atención prioritaria enfocados a la prevención del trabajo infantil para aportar en la reducción del trabajo infantil (5 a 14 años).,Alta
ejecutar-inspecciones-identificacion-ninas-ninos,Ministerio de Trabajo y Desarrollo Humano,Ejecutor,"Ejecutar inspecciones para la identificación de niñas, niños y adolescentes en situación de trabajo infantil y trabajo adolescente peligroso para la reducción del trabajo infantil (5 a 14 años).",Alta
otorgar-reconocimientos-entidades-publicas-implementan,Ministerio de Trabajo y Desarrollo Humano,Ejecutor,"El Ministerio de Trabajo y Desarrollo Humano otorga los reconocimientos a las instituciones que han alcanzado un nivel de madurez institucional, de conformidad al Modelo Ecuatoriano de Calidad y Excelencia (MECE).",Alta
controlar-tiempo-atencion-requerimientos-ciudadanos,Ministerio de Trabajo y Desarrollo Humano,Ejecutor,El Ministerio de Trabajo y Desarrollo Humano verifica la gestión de atención a los requerimientos ciudadanos realizada por las entidades mediante la herramienta Contacto Ciudadano Digital.,Alta
