anio,p,est,cv
2018,Napo,0.41266,0.10213
2018,Orellana,0.40718,0.15057
2018,Morona Santiago,0.33309,0.07912
2018,Pastaza,0.29434,0.14696
2018,Sucumbíos,0.25933,0.14512
2018,Chimborazo,0.24998,0.09021
2018,Zamora Chinchipe,0.18453,0.33584
2018,Esmeraldas,0.15382,0.09367
2018,Loja,0.12887,0.12568
2018,Cotopaxi,0.12589,0.09876
2018,Bolívar,0.11766,0.16102
2018,Carchi,0.11664,0.18761
2018,Imbabura,0.1085,0.1093
2018,Santa Elena,0.0763,0.16045
2018,Manabí,0.07302,0.10413
2018,Zonas no delim.,0.07042,0.19088
2018,Tungurahua,0.06906,0.07628
2018,Los Ríos,0.06581,0.0956
2018,Cañar,0.05862,0.19988
2018,Sto. Domingo,0.04347,0.19606
2018,El Oro,0.03993,0.10672
2018,Azuay,0.03864,0.14902
2018,Guayas,0.03603,0.06722
2018,Pichincha,0.03018,0.0809
2018,Galápagos,0.00027,1.00627
2019,Napo,0.47549,0.14026
2019,Orellana,0.46936,0.14565
2019,Morona Santiago,0.38405,0.10669
2019,Pastaza,0.34885,0.13482
2019,Sucumbíos,0.29302,0.13148
2019,Esmeraldas,0.26263,0.05971
2019,Chimborazo,0.22089,0.10646
2019,Imbabura,0.16803,0.13979
2019,Carchi,0.15788,0.1526
2019,Cotopaxi,0.13803,0.12701
2019,Zamora Chinchipe,0.12169,0.14331
2019,Bolívar,0.10955,0.17206
2019,Loja,0.09922,0.12385
2019,Santa Elena,0.07283,0.14368
2019,Tungurahua,0.06585,0.07588
2019,Zonas no delim.,0.06348,0.15616
2019,Manabí,0.05716,0.10512
2019,Los Ríos,0.05515,0.10016
2019,Cañar,0.05306,0.15288
2019,Sto. Domingo,0.05103,0.18033
2019,Pichincha,0.04381,0.06413
2019,Guayas,0.03834,0.09006
2019,El Oro,0.03386,0.10769
2019,Azuay,0.02682,0.12549
2019,Galápagos,0.00386,0.63978
2021,Morona Santiago,0.43413,0.15848
2021,Napo,0.42346,0.1147
2021,Orellana,0.37483,0.14025
2021,Pastaza,0.37335,0.16292
2021,Sucumbíos,0.29443,0.21115
2021,Esmeraldas,0.25301,0.05806
2021,Bolívar,0.17324,0.16188
2021,Chimborazo,0.15918,0.18628
2021,Carchi,0.13298,0.08219
2021,Loja,0.12828,0.13323
2021,Imbabura,0.11549,0.08934
2021,Zamora Chinchipe,0.11185,0.22927
2021,Cotopaxi,0.10351,0.14065
2021,Manabí,0.09197,0.18779
2021,Santa Elena,0.08992,0.10853
2021,Los Ríos,0.08382,0.13937
2021,Tungurahua,0.07972,0.11035
2021,Sto. Domingo,0.07358,0.19881
2021,Guayas,0.07235,0.1115
2021,Pichincha,0.06881,0.05655
2021,Cañar,0.06797,0.1366
2021,El Oro,0.06188,0.10755
2021,Azuay,0.04198,0.13854
2021,Galápagos,0.02539,0.30416
2022,Morona Santiago,0.49043,0.12745
2022,Pastaza,0.44513,0.09485
2022,Napo,0.44474,0.1034
2022,Orellana,0.37656,0.15295
2022,Sucumbíos,0.3657,0.19356
2022,Esmeraldas,0.2525,0.05264
2022,Carchi,0.14564,0.23916
2022,Zamora Chinchipe,0.14173,0.15796
2022,Chimborazo,0.13419,0.22038
2022,Loja,0.12544,0.18793
2022,Imbabura,0.11829,0.08313
2022,Cotopaxi,0.10258,0.23628
2022,Bolívar,0.10072,0.18007
2022,Manabí,0.07822,0.1664
2022,Los Ríos,0.06919,0.15966
2022,Santa Elena,0.06495,0.11528
2022,Tungurahua,0.06264,0.15072
2022,Sto. Domingo,0.06184,0.16126
2022,Pichincha,0.05748,0.07973
2022,Cañar,0.05218,0.17396
2022,Guayas,0.05138,0.08806
2022,El Oro,0.03632,0.15516
2022,Azuay,0.03032,0.26316
2022,Galápagos,0.00405,0.80946
2023,Napo,0.5337,0.13897
2023,Sucumbíos,0.49778,0.13977
2023,Pastaza,0.47793,0.14107
2023,Orellana,0.45182,0.12512
2023,Morona Santiago,0.43921,0.10654
2023,Esmeraldas,0.26239,0.09453
2023,Carchi,0.24961,0.42771
2023,Cotopaxi,0.18408,0.26453
2023,Zamora Chinchipe,0.16841,0.16451
2023,Chimborazo,0.13024,0.22426
2023,Imbabura,0.13007,0.13127
2023,Loja,0.11738,0.17571
2023,Bolívar,0.08021,0.16967
2023,Santa Elena,0.06525,0.11195
2023,Manabí,0.05071,0.16077
2023,Tungurahua,0.05048,0.15857
2023,Azuay,0.0457,0.25115
2023,Guayas,0.04514,0.09952
2023,Pichincha,0.04329,0.07583
2023,Los Ríos,0.0385,0.21054
2023,Sto. Domingo,0.03039,0.26852
2023,Cañar,0.02745,0.32154
2023,El Oro,0.02457,0.14233
2023,Galápagos,0.00249,0.53139
2024,Orellana,0.51966,0.18572
2024,Morona Santiago,0.40915,0.06694
2024,Sucumbíos,0.39529,0.21841
2024,Napo,0.32916,0.22128
2024,Esmeraldas,0.26404,0.12243
2024,Pastaza,0.24954,0.22476
2024,Carchi,0.22016,0.48725
2024,Zamora Chinchipe,0.19248,0.2269
2024,Imbabura,0.17278,0.17906
2024,Cotopaxi,0.13911,0.28102
2024,Bolívar,0.1126,0.17764
2024,Chimborazo,0.10044,0.21054
2024,Santa Elena,0.09804,0.13512
2024,Loja,0.09389,0.13638
2024,Cañar,0.09295,0.2493
2024,Azuay,0.06559,0.45515
2024,Manabí,0.06443,0.21975
2024,Guayas,0.05261,0.11818
2024,Tungurahua,0.04307,0.13314
2024,Pichincha,0.04195,0.11298
2024,Los Ríos,0.03869,0.2001
2024,Sto. Domingo,0.03757,0.30719
2024,El Oro,0.02605,0.17017
2024,Galápagos,0.00198,0.69905
2025,Morona Santiago,0.63369,0.14121
2025,Napo,0.32272,0.11014
2025,Sucumbíos,0.30728,0.17826
2025,Carchi,0.26802,0.50963
2025,Esmeraldas,0.20651,0.06452
2025,Pastaza,0.18744,0.14207
2025,Orellana,0.18491,0.21469
2025,Zamora Chinchipe,0.15281,0.30786
2025,Imbabura,0.14859,0.175
2025,Loja,0.13133,0.19315
2025,Chimborazo,0.09326,0.24931
2025,Cotopaxi,0.0653,0.26963
2025,Bolívar,0.05883,0.21393
2025,Santa Elena,0.05768,0.1869
2025,Cañar,0.04416,0.23848
2025,Tungurahua,0.04148,0.25515
2025,Manabí,0.03952,0.31113
2025,Pichincha,0.03653,0.13827
2025,Los Ríos,0.03476,0.27701
2025,Guayas,0.03256,0.21309
2025,El Oro,0.02488,0.16869
2025,Azuay,0.02446,0.17803
2025,Sto. Domingo,0.02197,0.45641
2025,Galápagos,0,0
