año,area,est,li,ls,cv,num,den
2018,Nacional,0.078693,0.073929,0.083456,0.030884,1332122,16928161
2018,Urbano,0.034679,0.032248,0.03711,0.035768,399218,11511763
2018,Rural,0.172237,0.160098,0.184376,0.035955,932904,5416397
2019,Nacional,0.085345,0.079726,0.090964,0.03359,1464080,17154862
2019,Urbano,0.042158,0.038712,0.045603,0.041694,491667,11662620
2019,Rural,0.177052,0.162933,0.191171,0.040682,972413,5492242
2021,Nacional,0.102693,0.095144,0.110243,0.037497,1813708,17661369
2021,Urbano,0.067894,0.061687,0.074102,0.046638,815525,12011670
2021,Rural,0.176679,0.158475,0.194883,0.052556,998183,5649700
2022,Nacional,0.090748,0.082836,0.098659,0.044473,1630560,17968087
2022,Urbano,0.051212,0.046713,0.05571,0.044807,627070,12244690
2022,Rural,0.175331,0.155591,0.195071,0.057431,1003490,5723397
2023,Nacional,0.087465,0.077038,0.097893,0.060812,1593257,18215856
2023,Urbano,0.041825,0.037632,0.046017,0.051128,519410,12418790
2023,Rural,0.18524,0.158445,0.212035,0.073787,1073848,5797065
2024,Nacional,0.088118,0.077631,0.098604,0.060703,1632415,18525397
2024,Urbano,0.048129,0.041335,0.054923,0.072002,608143,12635610
2024,Rural,0.173906,0.148417,0.199396,0.074763,1024272,5889790
2025,Nacional,0.068286,0.055198,0.081374,0.097772,1281852,18771750
2025,Urbano,0.036224,0.030222,0.042226,0.084523,463794,12803530
2025,Rural,0.137069,0.101893,0.172245,0.130916,818058,5968223
