per,h,m
IV Trim 2020,0.161771,0.168615
I Trim 2021,0.118938,0.124398
II Trim 2021,0.126252,0.132298
III Trim 2021,0.10645,0.108313
IV Trim 2021,0.10812,0.1152
I Trim 2022,0.116497,0.11895
II Trim 2022,0.108391,0.115576
III Trim 2022,0.109211,0.109898
IV Trim 2022,0.10378,0.104755
I Trim 2023,0.106242,0.112225
II Trim 2023,0.107541,0.108988
III Trim 2023,0.109388,0.113701
IV Trim 2023,0.109564,0.108148
I Trim 2024,0.12181,0.12065
II Trim 2024,0.113046,0.113526
III Trim 2024,0.112411,0.110098
IV Trim 2024,0.129046,0.129211
I Trim 2025,0.112738,0.121163
II Trim 2025,0.108542,0.096637
III Trim 2025,0.08989,0.079376
IV Trim 2025,0.086396,0.085424
I Trim 2026,0.107195,0.124835
