area,registro_id,indicador,tipo_registro,icono,color,color_claro,headline,headline_sufijo,unidad,tendencia_direccion,tendencia_texto,meta_pct,meta_label,anio,valor,tabulado_encabezado_categoria,tabulado_encabezado_valor,desagregacion_categoria,desagregacion_valor,impacto_texto,es_dato_real,titulo_construccion,mensaje_construccion,nota
kpis-proteccion-social,5,Bienestar Social · Desarrollo Infantil Integral (DII),desagregacion_actual,baby,var(--amarillo-d),var(--amarillo-l),274.975,niñas y niños atendidos · corte agosto 2026,count,,Serie histórica disponible: 2018-2025,,,,,Corte,Usuarios,Agosto 2026,274.975,,TRUE,,,Datos reales: total agosto 2026 desde caracterizacion_proteccion_social.csv y serie diciembre 2018–2025 desde series_historicas_servicios.csv.
kpis-proteccion-social,5,Bienestar Social · Desarrollo Infantil Integral (DII),serie_historica,baby,var(--amarillo-d),var(--amarillo-l),274.975,niñas y niños atendidos · corte agosto 2026,count,,Serie histórica disponible: 2018-2025,,,2018,264257,,,,,,TRUE,,,Datos reales: total agosto 2026 desde caracterizacion_proteccion_social.csv y serie diciembre 2018–2025 desde series_historicas_servicios.csv.
kpis-proteccion-social,5,Bienestar Social · Desarrollo Infantil Integral (DII),serie_historica,baby,var(--amarillo-d),var(--amarillo-l),274.975,niñas y niños atendidos · corte agosto 2026,count,,Serie histórica disponible: 2018-2025,,,2019,287801,,,,,,TRUE,,,Datos reales: total agosto 2026 desde caracterizacion_proteccion_social.csv y serie diciembre 2018–2025 desde series_historicas_servicios.csv.
kpis-proteccion-social,5,Bienestar Social · Desarrollo Infantil Integral (DII),serie_historica,baby,var(--amarillo-d),var(--amarillo-l),274.975,niñas y niños atendidos · corte agosto 2026,count,,Serie histórica disponible: 2018-2025,,,2020,292743,,,,,,TRUE,,,Datos reales: total agosto 2026 desde caracterizacion_proteccion_social.csv y serie diciembre 2018–2025 desde series_historicas_servicios.csv.
kpis-proteccion-social,5,Bienestar Social · Desarrollo Infantil Integral (DII),serie_historica,baby,var(--amarillo-d),var(--amarillo-l),274.975,niñas y niños atendidos · corte agosto 2026,count,,Serie histórica disponible: 2018-2025,,,2021,287904,,,,,,TRUE,,,Datos reales: total agosto 2026 desde caracterizacion_proteccion_social.csv y serie diciembre 2018–2025 desde series_historicas_servicios.csv.
kpis-proteccion-social,5,Bienestar Social · Desarrollo Infantil Integral (DII),serie_historica,baby,var(--amarillo-d),var(--amarillo-l),274.975,niñas y niños atendidos · corte agosto 2026,count,,Serie histórica disponible: 2018-2025,,,2022,292525,,,,,,TRUE,,,Datos reales: total agosto 2026 desde caracterizacion_proteccion_social.csv y serie diciembre 2018–2025 desde series_historicas_servicios.csv.
kpis-proteccion-social,5,Bienestar Social · Desarrollo Infantil Integral (DII),serie_historica,baby,var(--amarillo-d),var(--amarillo-l),274.975,niñas y niños atendidos · corte agosto 2026,count,,Serie histórica disponible: 2018-2025,,,2023,275206,,,,,,TRUE,,,Datos reales: total agosto 2026 desde caracterizacion_proteccion_social.csv y serie diciembre 2018–2025 desde series_historicas_servicios.csv.
kpis-proteccion-social,5,Bienestar Social · Desarrollo Infantil Integral (DII),serie_historica,baby,var(--amarillo-d),var(--amarillo-l),274.975,niñas y niños atendidos · corte agosto 2026,count,,Serie histórica disponible: 2018-2025,,,2024,289074,,,,,,TRUE,,,Datos reales: total agosto 2026 desde caracterizacion_proteccion_social.csv y serie diciembre 2018–2025 desde series_historicas_servicios.csv.
kpis-proteccion-social,5,Bienestar Social · Desarrollo Infantil Integral (DII),serie_historica,baby,var(--amarillo-d),var(--amarillo-l),274.975,niñas y niños atendidos · corte agosto 2026,count,,Serie histórica disponible: 2018-2025,,,2025,265632,,,,,,TRUE,,,Datos reales: total agosto 2026 desde caracterizacion_proteccion_social.csv y serie diciembre 2018–2025 desde series_historicas_servicios.csv.
kpis-proteccion-social,8,Bienestar Social · Personas Adultas Mayores (PAM),desagregacion_actual,elders,var(--azul-med),var(--azul-pale),114.697,personas atendidas · corte agosto 2026,count,,Serie histórica disponible: 2018-2025,,,,,Corte,Usuarios,Agosto 2026,114.697,,TRUE,,,Datos reales: total agosto 2026 desde caracterizacion_proteccion_social.csv y serie diciembre 2018–2025 desde series_historicas_servicios.csv.
kpis-proteccion-social,8,Bienestar Social · Personas Adultas Mayores (PAM),serie_historica,elders,var(--azul-med),var(--azul-pale),114.697,personas atendidas · corte agosto 2026,count,,Serie histórica disponible: 2018-2025,,,2018,95699,,,,,,TRUE,,,Datos reales: total agosto 2026 desde caracterizacion_proteccion_social.csv y serie diciembre 2018–2025 desde series_historicas_servicios.csv.
kpis-proteccion-social,8,Bienestar Social · Personas Adultas Mayores (PAM),serie_historica,elders,var(--azul-med),var(--azul-pale),114.697,personas atendidas · corte agosto 2026,count,,Serie histórica disponible: 2018-2025,,,2019,118036,,,,,,TRUE,,,Datos reales: total agosto 2026 desde caracterizacion_proteccion_social.csv y serie diciembre 2018–2025 desde series_historicas_servicios.csv.
kpis-proteccion-social,8,Bienestar Social · Personas Adultas Mayores (PAM),serie_historica,elders,var(--azul-med),var(--azul-pale),114.697,personas atendidas · corte agosto 2026,count,,Serie histórica disponible: 2018-2025,,,2020,121874,,,,,,TRUE,,,Datos reales: total agosto 2026 desde caracterizacion_proteccion_social.csv y serie diciembre 2018–2025 desde series_historicas_servicios.csv.
kpis-proteccion-social,8,Bienestar Social · Personas Adultas Mayores (PAM),serie_historica,elders,var(--azul-med),var(--azul-pale),114.697,personas atendidas · corte agosto 2026,count,,Serie histórica disponible: 2018-2025,,,2021,121389,,,,,,TRUE,,,Datos reales: total agosto 2026 desde caracterizacion_proteccion_social.csv y serie diciembre 2018–2025 desde series_historicas_servicios.csv.
kpis-proteccion-social,8,Bienestar Social · Personas Adultas Mayores (PAM),serie_historica,elders,var(--azul-med),var(--azul-pale),114.697,personas atendidas · corte agosto 2026,count,,Serie histórica disponible: 2018-2025,,,2022,113297,,,,,,TRUE,,,Datos reales: total agosto 2026 desde caracterizacion_proteccion_social.csv y serie diciembre 2018–2025 desde series_historicas_servicios.csv.
kpis-proteccion-social,8,Bienestar Social · Personas Adultas Mayores (PAM),serie_historica,elders,var(--azul-med),var(--azul-pale),114.697,personas atendidas · corte agosto 2026,count,,Serie histórica disponible: 2018-2025,,,2023,108608,,,,,,TRUE,,,Datos reales: total agosto 2026 desde caracterizacion_proteccion_social.csv y serie diciembre 2018–2025 desde series_historicas_servicios.csv.
kpis-proteccion-social,8,Bienestar Social · Personas Adultas Mayores (PAM),serie_historica,elders,var(--azul-med),var(--azul-pale),114.697,personas atendidas · corte agosto 2026,count,,Serie histórica disponible: 2018-2025,,,2024,111176,,,,,,TRUE,,,Datos reales: total agosto 2026 desde caracterizacion_proteccion_social.csv y serie diciembre 2018–2025 desde series_historicas_servicios.csv.
kpis-proteccion-social,8,Bienestar Social · Personas Adultas Mayores (PAM),serie_historica,elders,var(--azul-med),var(--azul-pale),114.697,personas atendidas · corte agosto 2026,count,,Serie histórica disponible: 2018-2025,,,2025,111703,,,,,,TRUE,,,Datos reales: total agosto 2026 desde caracterizacion_proteccion_social.csv y serie diciembre 2018–2025 desde series_historicas_servicios.csv.
kpis-proteccion-social,7,Bienestar Social · Personas con Discapacidad (PCD),desagregacion_actual,careheart,var(--verde),var(--verde-l),37.039,personas atendidas · corte agosto 2026,count,,Serie histórica disponible: 2018-2025,,,,,Corte,Usuarios,Agosto 2026,37.039,,TRUE,,,Datos reales: total agosto 2026 desde caracterizacion_proteccion_social.csv y serie diciembre 2018–2025 desde series_historicas_servicios.csv.
kpis-proteccion-social,7,Bienestar Social · Personas con Discapacidad (PCD),serie_historica,careheart,var(--verde),var(--verde-l),37.039,personas atendidas · corte agosto 2026,count,,Serie histórica disponible: 2018-2025,,,2018,34776,,,,,,TRUE,,,Datos reales: total agosto 2026 desde caracterizacion_proteccion_social.csv y serie diciembre 2018–2025 desde series_historicas_servicios.csv.
kpis-proteccion-social,7,Bienestar Social · Personas con Discapacidad (PCD),serie_historica,careheart,var(--verde),var(--verde-l),37.039,personas atendidas · corte agosto 2026,count,,Serie histórica disponible: 2018-2025,,,2019,34614,,,,,,TRUE,,,Datos reales: total agosto 2026 desde caracterizacion_proteccion_social.csv y serie diciembre 2018–2025 desde series_historicas_servicios.csv.
kpis-proteccion-social,7,Bienestar Social · Personas con Discapacidad (PCD),serie_historica,careheart,var(--verde),var(--verde-l),37.039,personas atendidas · corte agosto 2026,count,,Serie histórica disponible: 2018-2025,,,2020,34489,,,,,,TRUE,,,Datos reales: total agosto 2026 desde caracterizacion_proteccion_social.csv y serie diciembre 2018–2025 desde series_historicas_servicios.csv.
kpis-proteccion-social,7,Bienestar Social · Personas con Discapacidad (PCD),serie_historica,careheart,var(--verde),var(--verde-l),37.039,personas atendidas · corte agosto 2026,count,,Serie histórica disponible: 2018-2025,,,2021,34568,,,,,,TRUE,,,Datos reales: total agosto 2026 desde caracterizacion_proteccion_social.csv y serie diciembre 2018–2025 desde series_historicas_servicios.csv.
kpis-proteccion-social,7,Bienestar Social · Personas con Discapacidad (PCD),serie_historica,careheart,var(--verde),var(--verde-l),37.039,personas atendidas · corte agosto 2026,count,,Serie histórica disponible: 2018-2025,,,2022,33680,,,,,,TRUE,,,Datos reales: total agosto 2026 desde caracterizacion_proteccion_social.csv y serie diciembre 2018–2025 desde series_historicas_servicios.csv.
kpis-proteccion-social,7,Bienestar Social · Personas con Discapacidad (PCD),serie_historica,careheart,var(--verde),var(--verde-l),37.039,personas atendidas · corte agosto 2026,count,,Serie histórica disponible: 2018-2025,,,2023,34297,,,,,,TRUE,,,Datos reales: total agosto 2026 desde caracterizacion_proteccion_social.csv y serie diciembre 2018–2025 desde series_historicas_servicios.csv.
kpis-proteccion-social,7,Bienestar Social · Personas con Discapacidad (PCD),serie_historica,careheart,var(--verde),var(--verde-l),37.039,personas atendidas · corte agosto 2026,count,,Serie histórica disponible: 2018-2025,,,2024,34765,,,,,,TRUE,,,Datos reales: total agosto 2026 desde caracterizacion_proteccion_social.csv y serie diciembre 2018–2025 desde series_historicas_servicios.csv.
kpis-proteccion-social,7,Bienestar Social · Personas con Discapacidad (PCD),serie_historica,careheart,var(--verde),var(--verde-l),37.039,personas atendidas · corte agosto 2026,count,,Serie histórica disponible: 2018-2025,,,2025,36214,,,,,,TRUE,,,Datos reales: total agosto 2026 desde caracterizacion_proteccion_social.csv y serie diciembre 2018–2025 desde series_historicas_servicios.csv.
kpis-proteccion-social,6,Bienestar Social · Protección Especial (PE),desagregacion_actual,shield,var(--rojo),var(--rojo-l),29.528,personas atendidas · corte agosto 2026,count,,Serie histórica disponible: 2018-2025,,,,,Corte,Usuarios,Agosto 2026,29.528,,TRUE,,,Datos reales: total agosto 2026 desde caracterizacion_proteccion_social.csv y serie diciembre 2018–2025 desde series_historicas_servicios.csv.
kpis-proteccion-social,6,Bienestar Social · Protección Especial (PE),serie_historica,shield,var(--rojo),var(--rojo-l),29.528,personas atendidas · corte agosto 2026,count,,Serie histórica disponible: 2018-2025,,,2018,13131,,,,,,TRUE,,,Datos reales: total agosto 2026 desde caracterizacion_proteccion_social.csv y serie diciembre 2018–2025 desde series_historicas_servicios.csv.
kpis-proteccion-social,6,Bienestar Social · Protección Especial (PE),serie_historica,shield,var(--rojo),var(--rojo-l),29.528,personas atendidas · corte agosto 2026,count,,Serie histórica disponible: 2018-2025,,,2019,14019,,,,,,TRUE,,,Datos reales: total agosto 2026 desde caracterizacion_proteccion_social.csv y serie diciembre 2018–2025 desde series_historicas_servicios.csv.
kpis-proteccion-social,6,Bienestar Social · Protección Especial (PE),serie_historica,shield,var(--rojo),var(--rojo-l),29.528,personas atendidas · corte agosto 2026,count,,Serie histórica disponible: 2018-2025,,,2020,14918,,,,,,TRUE,,,Datos reales: total agosto 2026 desde caracterizacion_proteccion_social.csv y serie diciembre 2018–2025 desde series_historicas_servicios.csv.
kpis-proteccion-social,6,Bienestar Social · Protección Especial (PE),serie_historica,shield,var(--rojo),var(--rojo-l),29.528,personas atendidas · corte agosto 2026,count,,Serie histórica disponible: 2018-2025,,,2021,25032,,,,,,TRUE,,,Datos reales: total agosto 2026 desde caracterizacion_proteccion_social.csv y serie diciembre 2018–2025 desde series_historicas_servicios.csv.
kpis-proteccion-social,6,Bienestar Social · Protección Especial (PE),serie_historica,shield,var(--rojo),var(--rojo-l),29.528,personas atendidas · corte agosto 2026,count,,Serie histórica disponible: 2018-2025,,,2022,29654,,,,,,TRUE,,,Datos reales: total agosto 2026 desde caracterizacion_proteccion_social.csv y serie diciembre 2018–2025 desde series_historicas_servicios.csv.
kpis-proteccion-social,6,Bienestar Social · Protección Especial (PE),serie_historica,shield,var(--rojo),var(--rojo-l),29.528,personas atendidas · corte agosto 2026,count,,Serie histórica disponible: 2018-2025,,,2023,31957,,,,,,TRUE,,,Datos reales: total agosto 2026 desde caracterizacion_proteccion_social.csv y serie diciembre 2018–2025 desde series_historicas_servicios.csv.
kpis-proteccion-social,6,Bienestar Social · Protección Especial (PE),serie_historica,shield,var(--rojo),var(--rojo-l),29.528,personas atendidas · corte agosto 2026,count,,Serie histórica disponible: 2018-2025,,,2024,31702,,,,,,TRUE,,,Datos reales: total agosto 2026 desde caracterizacion_proteccion_social.csv y serie diciembre 2018–2025 desde series_historicas_servicios.csv.
kpis-proteccion-social,6,Bienestar Social · Protección Especial (PE),serie_historica,shield,var(--rojo),var(--rojo-l),29.528,personas atendidas · corte agosto 2026,count,,Serie histórica disponible: 2018-2025,,,2025,30354,,,,,,TRUE,,,Datos reales: total agosto 2026 desde caracterizacion_proteccion_social.csv y serie diciembre 2018–2025 desde series_historicas_servicios.csv.
kpis-proteccion-social,16,Bienestar Social · Alertas SUUSEN,pendiente,doc,var(--subtexto),var(--gris),,,,,,,,,,,,,,,FALSE,Alertas SUUSEN,En construcción.,Sin cifras: se mantiene únicamente el estado En construcción hasta cargar una base oficial.
kpis-proteccion-social,12,Bienestar Social · Movilidad Social,desagregacion_actual,movilidad,var(--azul),var(--azul-pale),4.526,créditos otorgados en septiembre 2026,count,,Serie histórica disponible: 2007-2026 · créditos otorgados por año,,,,,Corte,Créditos,Septiembre 2026,4.526,,TRUE,,,Cifra actual real (septiembre 2026) desde movilidad_social/cobertura_cdh_movilidad.csv; serie anual 2007-2026 desde movilidad_social/serie_anual_cdh.csv.
