registro_id,anio,creditos,monto_total_usd,meses,es_dato_real,nota
12,2007,59157,20160016,enero-diciembre,TRUE,Dato real (resumen_CDH_por_anio.xlsx).
12,2008,87575,29711016.03,enero-diciembre,TRUE,Dato real (resumen_CDH_por_anio.xlsx).
12,2009,130629,54987943,enero-diciembre,TRUE,Dato real (resumen_CDH_por_anio.xlsx).
12,2010,444144,347673759.63,enero-diciembre,TRUE,Dato real (resumen_CDH_por_anio.xlsx).
12,2011,89708,37795409.63,enero-diciembre,TRUE,Dato real (resumen_CDH_por_anio.xlsx).
12,2012,217472,90887185.21,enero-diciembre,TRUE,Dato real (resumen_CDH_por_anio.xlsx).
12,2013,193042,122385548.8,enero-diciembre,TRUE,Dato real (resumen_CDH_por_anio.xlsx).
12,2014,126873,78316537.07,enero-diciembre,TRUE,Dato real (resumen_CDH_por_anio.xlsx).
12,2015,117604,84973847.08,enero-diciembre,TRUE,Dato real (resumen_CDH_por_anio.xlsx).
12,2016,113873,85565403.45,enero-diciembre,TRUE,Dato real (resumen_CDH_por_anio.xlsx).
12,2017,100018,71979936.79,enero-diciembre,TRUE,Dato real (resumen_CDH_por_anio.xlsx).
12,2018,78732,54744638.05,enero-diciembre,TRUE,Dato real (resumen_CDH_por_anio.xlsx).
12,2019,34329,35493583.73,enero-diciembre,TRUE,Dato real (resumen_CDH_por_anio.xlsx).
12,2020,34069,29969984.53,enero-diciembre,TRUE,Dato real (resumen_CDH_por_anio.xlsx).
12,2021,40838,25399056.78,enero-diciembre,TRUE,Dato real (resumen_CDH_por_anio.xlsx).
12,2022,36062,26304011.23,enero-diciembre,TRUE,Dato real (resumen_CDH_por_anio.xlsx).
12,2023,41333,33424681.63,enero-diciembre,TRUE,Dato real (resumen_CDH_por_anio.xlsx).
12,2024,44622,37393190.7,enero-diciembre,TRUE,Dato real (resumen_CDH_por_anio.xlsx).
12,2025,61320,57476442.42,enero-diciembre,TRUE,Dato real (resumen_CDH_por_anio.xlsx).
12,2026,44834,48036993.87,enero-septiembre,TRUE,Dato real (resumen_CDH_por_anio.xlsx).
