indicador_id,accion_id,num_en_ficha,es_principal
pobreza-extrema,entregar-credito-desarrollo-humano-usuarios,1,1
pobreza-extrema,desarrollar-capacidades-usuarios-buscan-acceder,2,1
pobreza-extrema,ejecutar-practicas-sistema-nacional-comercializacion,3,1
pobreza-extrema,desarrollar-capacidades-blandas-jovenes-18,4,1
pobreza-extrema,fortalecer-capacidades-empleabilidad-formativas-jovenes,5,1
tpm,promover-talleres-habilidades-blandas-ciudadanos,1,1
tpm,capacitar-ciudadanos-traves-cursos-gestionados,2,1
tpm,colocar-laboralmente-ciudadanos-traves-ofertas,3,1
tpm,sensibilizar-sobre-prevencion-trabajo-infantil,4,1
tpm,ejecutar-inspecciones-identificacion-ninas-ninos,5,1
tpm,ejecutar-inspecciones-trabajo-verificar-cumplimiento,6,1
tpm,entregar-credito-desarrollo-humano-usuarios,7,0
tpm,desarrollar-capacidades-usuarios-buscan-acceder,8,0
tpm,ejecutar-practicas-sistema-nacional-comercializacion,9,0
tpm,desarrollar-capacidades-blandas-jovenes-18,10,0
tpm,fortalecer-capacidades-empleabilidad-formativas-jovenes,11,0
usuarios-ps,atender-ninas-ninos-1-3,1,1
usuarios-ps,atender-ninas-ninos-desde-gestacion,2,1
usuarios-ps,proporcionar-servicios-proteccion-social-personas,3,1
usuarios-ps,proporcionar-servicios-proteccion-social-jovenes,4,1
usuarios-ps,incrementar-eficiencia-prestacion-servicios-personas,5,1
usuarios-ps,efectuar-seguimiento-desarrollo-habilidades-os,6,1
usuarios-ps,incluir-5-000-nuevos-beneficiarios,7,1
primera-infancia,atender-ninas-ninos-1-3,1,0
primera-infancia,atender-ninas-ninos-desde-gestacion,2,0
primera-infancia,elaborar-plan-nacional-primera-infancia,3,1
primera-infancia,implementar-modelo-gestion-territorial-mecanismo,4,1
primera-infancia,incrementar-participacion-activa-actores-locales,5,1
dci,realizar-seguimiento-monitoreo-plan-estrategico,1,1
dci,coordinar-sesiones-comite-intersectorial-prevencion,2,1
dci,coordinar-sesiones-subcomite-tecnico-comite,3,1
dci,ejecutar-consejerias-familiares-paquete-priorizado,4,1
dci,implementar-modelo-gestion-territorial-mecanismo,5,0
dci,incrementar-participacion-activa-actores-locales,6,0
gerontologicos,acceso-servicios-atencion-gerontologica,1,1
gerontologicos,gestionar-provision-servicios-gerontologicos-directos,2,1
gerontologicos,coordinar-provision-servicios-gerontologicos-no,3,1
