anio,periodo,accion_id,componente,justificacion,enlaces,dificultades
2026,2026-07,entregar-credito-desarrollo-humano-usuarios,,"Durante el período de enero a julio del 2026, se entregaron 35.634 Créditos de Desarrollo Humano con un monto total de USD 37´829.355

Enlace verificable:
https://info.desarrollohumano.gob.ec/index.php/cdh/historico",https://info.desarrollohumano.gob.ec/index.php/cdh/historico,"La contactabilidad a los usuarios ha sido muy complicada debido a que cambian de número de teléfono de contacto con facilidad y viven en áreas con poca cobertura. Adicionalmente, uno de los requisitos de elegibilidad para que los beneficiarios de bonos y pensiones accedan al Crédito de Desarrollo Humano (CDH) es encontrarse por debajo de la línea de pobreza establecida por el Registro Social. Con base a la actualización de dicha línea de corte, varios usuarios quedaron por encima del nuevo umbral y, en consecuencia, no cumplen con los criterios para acceder al servicio del CDH."
2026,2026-07,desarrollar-capacidades-usuarios-buscan-acceder,,"Durante el período de enero a julio del 2026, se capacitaron a 42.054 usuarios a través de las EIE y EEA

Enlace verificable:
https://info.desarrollohumano.gob.ec/index.php/gestion-de-conocimiento/escuelas-de-inclusion-economica-fase-1-y-2",https://info.desarrollohumano.gob.ec/index.php/gestion-de-conocimiento/escuelas-de-inclusion-economica-fase-1-y-2,"Perdida de continuidad en los procesos operativos y técnicos.
-Necesidad recurrente de inducción y capacitación a nuevo personal lo que incrementa tiempos y carga administrativa -La insuficiente disponibilidad de personal técnico en territorio genera sobrecarga operativa, limitaciones en la planificación y seguimiento de prácticas, menor cobertura territorial, retrasos en la articulación interinstitucional y dificultades en el acompañamiento oportuno a emprendedores, afectando la calidad, sostenibilidad y cumplimiento de metas del SNCI."
2026,2026-07,ejecutar-practicas-sistema-nacional-comercializacion,,"Durante el período correspondiente de enero a julio de 2026 se registró la participación de 3.563 emprendedores en las prácticas del Sistema Nacional de Comercialización Inclusiva.

En julio de 2026 se registró la participación de 501 emprendedores en las prácticas del Sistema Nacional de Comercialización Inclusiva.

Enlace verificable:
https://drive.google.com/file/d/1cNg2Nr9EB2BRVmBIn_rDvvtfgjmCUxpY/view?usp=sharing",https://drive.google.com/file/d/1cNg2Nr9EB2BRVmBIn_rDvvtfgjmCUxpY/view?usp=sharing,"La insuficiente disponibilidad de personal técnico en territorio genera sobrecarga operativa, limitaciones en la planificación y seguimiento de prácticas, menor cobertura territorial, retrasos en la articulación interinstitucional y dificultades en el acompañamiento oportuno a emprendedores, afectando la calidad, sostenibilidad y cumplimiento de metas del SNCI."
2026,2026-07,desarrollar-capacidades-blandas-jovenes-18,,"Se ajusta la acción planificada, con el propósito de evidenciar las actividades desarrolladas, conforme a la información que se encuentra en esta  Subsecretaría, a través del fortalecimiento de capacidades mediante las capacitaciones de habilidades blandas y técnicas realizadas durante el período enero a julio de 2026.                                               La información correspondiente a este período ha sido debidamente consolidada y validada en base a los registros institucionales. 

Enlace verificable:
https://drive.google.com/file/d/1AbojoMM_g0IL49i0_IJjDB7k3t1fHsEU/view?usp=sharing",https://drive.google.com/file/d/1AbojoMM_g0IL49i0_IJjDB7k3t1fHsEU/view?usp=sharing,"Limitado acceso de los jóvenes a conectividad y/o recursos económicos para asistir a las capacitaciones virtuales, la falta de motivación para garantizar permanencia en los procesos formativos, brechas a nivel de educación que dificultan el aprendizaje."
2026,2026-07,fortalecer-capacidades-empleabilidad-formativas-jovenes,,"De enero a julio de 2026 se ha capacitado a 10.963 jóvenes.

En julio de 2026 se ha capacitado  a 1.941 jóvenes.

Enlace verificable:
https://app.powerbi.com/view?r=eyJrIjoiNjg4NmU0MGEtMzMxMy00YTExLTgxYjktM2NlNTAwZTkyNGFhIiwidCI6ImRiYzc3YzA3LTRkMjAtNDczYi1hY2ZiLWQ4ZTg0MGM5MWMxMSIsImMiOjR9",https://app.powerbi.com/view?r=eyJrIjoiNjg4NmU0MGEtMzMxMy00YTExLTgxYjktM2NlNTAwZTkyNGFhIiwidCI6ImRiYzc3YzA3LTRkMjAtNDczYi1hY2ZiLWQ4ZTg0MGM5MWMxMSIsImMiOjR9,El proceso de fusión por absorción institucional entre el Ministerio de Trabajo y el Ministerio de Desarrollo Humano limito los procesos de gestión  y coordinación para la ejecución de la actividad
2026,2026-07,promover-talleres-habilidades-blandas-ciudadanos,,"De enero a agosto 2026 se capacitó a 14.453  beneficiarios a nivel nacional, a través de seis talleres Fortalece Empleo y Emprende EC. Las personas capacitadas aprobaron los talleres con una calificación igual o superior a 7, registrando un cumplimiento mensual de 190,90% y un avance anual de 123,13%.

Resultados 2026: 
Enero: 1.866
Febrero: 902
Marzo: 1.816
Abril: 1.689
Mayo: 1.914
Junio: 2.188
Julio: 2.211
Agosto: 1.867

Enlace verificable:
https://drive.google.com/drive/folders/1Xj-Q5v6sA-I-GZVfYbpYf8j3UecsWqQe",https://drive.google.com/drive/folders/1Xj-Q5v6sA-I-GZVfYbpYf8j3UecsWqQe,No se presentó ningún tipo de dificultad para el cumplimiento de la meta establecida de la acción planificada
2026,2026-07,capacitar-ciudadanos-traves-cursos-gestionados,,"De enero a agosto 2026 se capacitó a 17.420 personas a nivel nacional en herramientas actualizadas y pertinentes que les permitan mejorar su perfil profesional e incrementar su competitividad en el mercado laboral. Se tiene un avance anual del 67,61% y mensual del 105,49%

Resultados 2026: 
Enero: 1.672
Febrero: 2.567
Marzo: 2.203
Abril: 2.157
Mayo: 2.153
Junio: 2.171
Julio: 2.231
Agosto: 2.266

Enlace verificable:
https://drive.google.com/drive/folders/1Xj-Q5v6sA-I-GZVfYbpYf8j3UecsWqQe",https://drive.google.com/drive/folders/1Xj-Q5v6sA-I-GZVfYbpYf8j3UecsWqQe,No se presentó ningún tipo de dificultad para el cumplimiento de la meta establecida de la acción planificada
2026,2026-07,colocar-laboralmente-ciudadanos-traves-ofertas,,"De enero a agosto 2026, el Servicio Público de Empleo (SPE) registró la colocación laboral de 24.480 personas a nivel nacional, con un avance anual del 68,67% y mensual del 101,65%.

Resultados 2026: 
Enero: 3.411
Febrero: 3.427
Marzo: 2.167
Abril: 3.132 
Mayo: 3.092
Junio: 3.123
Julio: 3.108
Agosto : 3.020

Enlace verificable:
https://drive.google.com/drive/folders/1Xj-Q5v6sA-I-GZVfYbpYf8j3UecsWqQe",https://drive.google.com/drive/folders/1Xj-Q5v6sA-I-GZVfYbpYf8j3UecsWqQe,No se presentó ningún tipo de dificultad para el cumplimiento de la meta establecida de la acción planificada
2026,2026-07,sensibilizar-sobre-prevencion-trabajo-infantil,,"De enero a agosto 2026, se ejecutaron 141 talleres institucionales beneficiando a 5.350 personas. Registrando un cumplimiento mensual de 113.33% y avance anual del 79,66%

Resultados 2026: 
Enero: 11
Febrero: 19
Marzo: 11
Abril: 15
Mayo: 14
Junio: 27
Julio: 27
Agosto: 17

Enlace verificable: https://drive.google.com/drive/folders/1Xj-Q5v6sA-I-GZVfYbpYf8j3UecsWqQe",https://drive.google.com/drive/folders/1Xj-Q5v6sA-I-GZVfYbpYf8j3UecsWqQe,No se presentó ningún tipo de dificultad para el cumplimiento de la meta establecida de la acción planificada
2026,2026-07,ejecutar-inspecciones-identificacion-ninas-ninos,,"Se realizaron 457 inspecciones a nivel nacional entre enero y agosto de 2026. En el mes de agosto se efectuaron 65 inspecciones, con un cumplimiento mensual de 125% y un avance anual de 73,35%. Estas inspecciones forman parte de la planificación anual de 623 inspecciones, orientadas a la identificación de niñas, niños y adolescentes en situación de trabajo infantil y trabajo adolescente peligroso.

Resultados 2026: 
Enero: 70
Febrero: 61
Marzo: 71
Abril: 48
            Mayo: 43                                                                                             Junio: 48                                                                                         Julio: 51
Agosto: 65

Enlance verificable: https://drive.google.com/drive/folders/1Xj-Q5v6sA-I-GZVfYbpYf8j3UecsWqQe",https://drive.google.com/drive/folders/1Xj-Q5v6sA-I-GZVfYbpYf8j3UecsWqQe,"Se cuenta con número de inspectores de trabajo, por lo que no se presentó ningún tipo de dificultad para el cumplimiento de la meta establecida de la acción planificada"
2026,2026-07,ejecutar-inspecciones-trabajo-verificar-cumplimiento,,"Se realizaron 9.346 inspecciones a nivel nacional entre enero y agosto de 2026. En el mes de agosto se efectuaron 1.162 inspecciones, con un cumplimiento mensual de 114.94% y un avance anual de 77,07%. Estas inspecciones forman parte de la planificación anual de 12.127 inspecciones de trabajo, orientadas al cumplimiento de las obligaciones laborales.

Resultados 2026: 
Enero: 1.141
Febrero: 1.133
Marzo: 1.203
Abril: 1.174
Mayo: 1.158                                                                                         Junio: 1.085                                                                                   Julio: 1.290
Agosto: 1.162

Enlance verificable: https://drive.google.com/drive/folders/1Xj-Q5v6sA-I-GZVfYbpYf8j3UecsWqQe",https://drive.google.com/drive/folders/1Xj-Q5v6sA-I-GZVfYbpYf8j3UecsWqQe,"Se cuenta con número de inspectores de trabajo, por lo que no se presentó ningún tipo de dificultad para el  cumplimiento de la meta establecida de la acción planificada"
2026,2026-07,atender-ninas-ninos-1-3,,"La brecha se debe a que niñas y niños que se encuentran atravesando enfermedades diarreicas agudas e infecciones respiratorias agudas, mientras que la brecha en las unidades de atención se presenta por cambio de cooperante (Reporte mes de julio 2026)

Enlace verificable:  https://drive.google.com/file/d/1l9kjnbDALdnX8rFXzgEQWYDAS7Y0ZBxi/view?usp=sharing",https://drive.google.com/file/d/1l9kjnbDALdnX8rFXzgEQWYDAS7Y0ZBxi/view?usp=sharing,Alta rotación de personal técnico y operativo en las unidades de atención CDI; personal operativo en otras funciones; personal técnico y operativo o con sobrecarga de actividades y funciones. Cambio de cooperantes para atención a través de convenios de cooperación 2026.
2026,2026-07,atender-ninas-ninos-desde-gestacion,,"La brecha se debe  principalmente a limitaciones en la capacidad operativa, disponibilidad de talento humano en los territorios. (Reporte mes de junio 2026) 

Enlace verificable: 
https://drive.google.com/file/d/1IwehYgxveBC1HPnJ-EqnTnN1U8pYkOJG/view?usp=sharing",https://drive.google.com/file/d/1IwehYgxveBC1HPnJ-EqnTnN1U8pYkOJG/view?usp=sharing,Alta rotación de personal técnico y operativo en las unidades de atención CNH; personal operativo en otras funciones; personal técnico y operativo o con sobrecarga de actividades y funciones.
2026,2026-07,proporcionar-servicios-proteccion-social-personas,,"A julio 2026 se brindaron servicios de protección social a 113.497 personas adultas mayores en situación de pobreza y pobreza extrema 

Enlace verificable: 
https://info.desarrollohumano.gob.ec/index.php/usuarios-y-unidades-de-inclusion-social/usuarios-externos-is/2026-externos-is",https://info.desarrollohumano.gob.ec/index.php/usuarios-y-unidades-de-inclusion-social/usuarios-externos-is/2026-externos-is,Brecha presupuestaria para cubrir los convenios hasta diciembre del año 2026 de las 11 EODs en gasto de inversión.
2026,2026-07,proporcionar-servicios-proteccion-social-jovenes,corriente,"Inversión: De enero a julio de 2026 se han capacitado a 10.963 jóvenes.

En julio de 2026 se ha capacitado  a 1.941 jóvenes.

https://app.powerbi.com/view?r=eyJrIjoiNjg4NmU0MGEtMzMxMy00YTExLTgxYjktM2NlNTAwZTkyNGFhIiwidCI6ImRiYzc3YzA3LTRkMjAtNDczYi1hY2ZiLWQ4ZTg0MGM5MWMxMSIsImMiOjR9

Corriente: El reporte corresponde al periodo entre enero y julio de 2026.

Enlace verificable: 
https://drive.google.com/file/d/1-ugo79bGM5472XrD2wrsxmApHzkWGGZh/view?usp=sharing",https://app.powerbi.com/view?r=eyJrIjoiNjg4NmU0MGEtMzMxMy00YTExLTgxYjktM2NlNTAwZTkyNGFhIiwidCI6ImRiYzc3YzA3LTRkMjAtNDczYi1hY2ZiLWQ4ZTg0MGM5MWMxMSIsImMiOjR9 | https://drive.google.com/file/d/1-ugo79bGM5472XrD2wrsxmApHzkWGGZh/view?usp=sharing,La ejecución presupuestaria para las transferencias monetarias dirigidas a la población beneficiaria a la fecha del reporte se encuentran según lo planificado.
2026,2026-07,proporcionar-servicios-proteccion-social-jovenes,inversion,"Inversión: De enero a julio de 2026 se han capacitado a 10.963 jóvenes.

En julio de 2026 se ha capacitado  a 1.941 jóvenes.

https://app.powerbi.com/view?r=eyJrIjoiNjg4NmU0MGEtMzMxMy00YTExLTgxYjktM2NlNTAwZTkyNGFhIiwidCI6ImRiYzc3YzA3LTRkMjAtNDczYi1hY2ZiLWQ4ZTg0MGM5MWMxMSIsImMiOjR9

Corriente: El reporte corresponde al periodo entre enero y julio de 2026.

Enlace verificable: 
https://drive.google.com/file/d/1-ugo79bGM5472XrD2wrsxmApHzkWGGZh/view?usp=sharing",https://app.powerbi.com/view?r=eyJrIjoiNjg4NmU0MGEtMzMxMy00YTExLTgxYjktM2NlNTAwZTkyNGFhIiwidCI6ImRiYzc3YzA3LTRkMjAtNDczYi1hY2ZiLWQ4ZTg0MGM5MWMxMSIsImMiOjR9 | https://drive.google.com/file/d/1-ugo79bGM5472XrD2wrsxmApHzkWGGZh/view?usp=sharing,La ejecución presupuestaria para las transferencias monetarias dirigidas a la población beneficiaria a la fecha del reporte se encuentran según lo planificado.
2026,2026-07,incrementar-eficiencia-prestacion-servicios-personas,,"1. Continúa el proceso de implementación del cronograma de salidas a territorio aprobado por las autoridades. A la fecha se ha realizado asistencia técnica y seguimiento a 213 Entidades Cooperantes y Servicios de Administración Directa.
2. Se efectúa seguimiento mensual a la implementación de los servicios, mediante instrumento elaborado para el efecto. Con corte a 31 de julio contamos con 1.182 Unidades Activas y 60 que no estarían prestando el servicio básicamente debido a que se encuentran en proceso de validación de perfiles.
 
Link descarga seguimiento servicios: 
Anexo 1: Asistencia Técnica enero-junio 2026  
https://drive.google.com/file/d/14s--umMNIBxwBZNS_YFzpWFiWcnF9_-L/view?usp=sharing
Anexo 2: Informe Asistencia Centros Diurnos. 32 Entidades Cooperantes 
https://drive.google.com/file/d/1LRjcBt8eS94WkMH2XLD1i_lZ9JgG73gV/view?usp=sharing",https://drive.google.com/file/d/14s--umMNIBxwBZNS_YFzpWFiWcnF9_-L/view?usp=sharing | https://drive.google.com/file/d/1LRjcBt8eS94WkMH2XLD1i_lZ9JgG73gV/view?usp=sharing,"La falta de asignación de avales y el contar con todas las Unidades de atención operativas, retrasa la implementación del plan de acción en marcha"
2026,2026-07,efectuar-seguimiento-desarrollo-habilidades-os,,"Luego de la valoración realizada a los usuarios-as de los servicios para personas con discapacidad del  MTDH y de acuerdo a los informes remitidos por cada uno de los Distritos,  3.799 personas con discapacidad AVANZARON en el Desarrollo de Habilidades,  superando la meta establecida.

El resultado SEMESTRAL supera la meta programada para el primer semestre, fijada en el 11% de personas que avanzan en el desarrollo de habilidades del total de usuarios evaluados, alcanzando un 116 % de cumplimiento. Este desempeño se justifica por la ejecución oportuna de las intervenciones planificadas, el seguimiento permanente realizado por los equipos técnicos, la continuidad en la prestación de los servicios y el compromiso de los Distritos en la implementación de los planes de atención individual y familiar, factores que contribuyeron a que un mayor número de usuarios registrara progresos en el desarrollo de habilidades y por tanto en su autonomía. 
Anexo 3: Informe Desarrollo de habilidades

Enlace verificable: 
https://drive.google.com/file/d/1a9TfUq4UAFxgB6d0OLFjbZk3IRSWkRrM/view?usp=sharing",https://drive.google.com/file/d/1a9TfUq4UAFxgB6d0OLFjbZk3IRSWkRrM/view?usp=sharing,Falta de un manual para la aplicación de la Ficha de valoración de desarrollo de habilidades que permita mayor conocimiento al personal técnico para una adecuada y objetiva aplicación y por tanto resultados mas confiables.
2026,2026-07,incluir-5-000-nuevos-beneficiarios,,"Durante el mes de julio se incluyeron a 510  nuevos usuarios lo que representa un cumplimiento del 119%  con relación a la meta mensual;   presupuesto mensual  de 122,400 dólares  correspondiente al mes de julio.
 Los resultados acumulados hasta julio  son:
 2.840 nuevos usuarios incluidos
 presupuesta ejecutado acumulado  de  $2.806.320,00  dólares correspondientes a los usuarios incluidos de enero a  julio
Anexo 4:
Enlace verificable:  https://drive.google.com/file/d/1ijzU0jkND0utANhDBEL2LB2kBM-6djzZ/view?usp=sharing",https://drive.google.com/file/d/1ijzU0jkND0utANhDBEL2LB2kBM-6djzZ/view?usp=sharing,Ninguna
2026,2026-07,elaborar-plan-nacional-primera-infancia,,"Según la Hoja de Ruta, se realizaron los siguientes 
avances:

1. Acta de reunión de la mesa técnica
2. Metodología de trabajo con 
presentación.
3. Listado de delegados de la mesa técnica interna del MDH para la formulación del Plan.
4. Convocatoria para la revisión de la matriz de alineación, con una propuesta preliminar de ejes estratégicos, líneas de política.
5. Resolución Nro. CNPI-2026-003 de 08 de julio de 2026. Aprobación del Diagnóstico Inicial del Estado de situación de la Primera Infancia.

Enlace verificable:
https://drive.google.com/drive/folders/1QwXWL6Rdyh0XjzCVlZXdFp08ShZszy9B?usp=sharing",https://drive.google.com/drive/folders/1QwXWL6Rdyh0XjzCVlZXdFp08ShZszy9B?usp=sharing,"Falta de información oportuna, insuficiente articulación interinstitucional y debilidades en los mecanismos de coordinación técnica. Esta situación podría ocasionar que el instrumento no se complete dentro de los plazos establecidos."
2026,2026-07,implementar-modelo-gestion-territorial-mecanismo,,"Al mes de julio se ha cumplido con la ejecución de las Mesas Intersectoriales Cantonales en los 222 cantones del país, lo cual se encuentra debidamente respaldado en los reportes cantonales elaborados por los Analistas de Articulación Territorial 2, Especialistas de Articulación Territorial, Analistas Educomunicacionales 1 y Analistas de Seguimiento Territorial 2.

Adicionalmente, se han implementado las siguientes herramientas del modelo de gestión territorial orientadas a mejorar la articulación institucional e intersectorial en el territorio:
222 Planes de Acción Cantonal
444 Microplanificaciones
1.554 Reportes Cantonales
222 Conformaciones de CEL

Enlace verificable:
https://drive.google.com/drive/folders/1d67BLORMoVdlDuMLU4bUHjEqzCipnXAK?usp=sharing",https://drive.google.com/drive/folders/1d67BLORMoVdlDuMLU4bUHjEqzCipnXAK?usp=sharing,"Restricciones en el incremento de número de personal en relación a los distributivos aprobados por el MEF, esta situación ha generado brechas territoriales significativas: actualmente 54 cantones permanecen sin atención, entre ellos 9 de los 13 cantones de Morona Santiago, así como hasta 5 cantones respectivamente en cada una de las provincias de Tungurahua, Los Ríos, Sucumbíos, Chimborazo, Cotopaxi, Manabí, Pichincha, Napo, Azuay, Esmeraldas, Pastaza, Cañar y Orellana."
2026,2026-07,incrementar-participacion-activa-actores-locales,,"En un despliegue territorial en las nueve zonas del país al mes de julio se han realizado un total de 13.976 acciones educomunicacionales de acuerdo a las temáticas de los factores de prevención sobre la Desnutrición Crónica Infantil en los 1.000 primeros días de vida de las niñas y niños, obteniendo la participación de 152.058 beneficiarios, familias y ciudadanía en general, dando cumplimiento a la meta planificada para julio 2026.

Las temáticas abordadas parten del diagnóstico territorial, y son implementadas mediante acciones que se encuentran en el  Plan Local de Educomunicación (PLE), las mismas que son:  

• Registro e inscripción oportuna de niñas y niños
• Controles prenatales y del niño sano.
• Esquema de vacunación completo y oportuno.
• Lactancia materna exclusiva, continua y alimentación complementaria.
• Corresponsabilidad en el cuidado y entornos protectores.
• Acceso a agua apta para el consumo humano y prácticas de higiene.
• Planificación familiar.

Enlace verificable: 
https://minube.desarrollohumano.gob.ec/s/adg8y49XkcF3c9T",https://minube.desarrollohumano.gob.ec/s/adg8y49XkcF3c9T,"Restricciones en el incremento de número de personal en relación a los distributivos aprobados por el MEF, esta situación ha generado brechas territoriales significativas: actualmente 54 cantones permanecen sin atención, entre ellos 9 de los 13 cantones de Morona Santiago, así como hasta 5 cantones respectivamente en cada una de las provincias de Tungurahua, Los Ríos, Sucumbíos, Chimborazo, Cotopaxi, Manabí, Pichincha, Napo, Azuay, Esmeraldas, Pastaza, Cañar y Orellana."
2026,2026-07,realizar-seguimiento-monitoreo-plan-estrategico,,"Se levanto la información con las instituciones vinculadas con la DCI, en la cual se establecieron los indicadores a monitorearse durante el año 2026. 
Se diseña un visor para el respectivo seguimiento de los indicadores.

Enlace verificable: 
https://app.powerbi.com/view?r=eyJrIjoiNTMyYzhmMGMtYmQ3NS00NGJhLWIyN2UtZDdjZjY2NGNhZjk5IiwidCI6ImNhNmFmZmQ2LTczN2QtNGUyMS1iZTBjLTgzNzA1ZDFhZDg5OCIsImMiOjR9&pageName=0ea72427c75ec702036c",https://app.powerbi.com/view?r=eyJrIjoiNTMyYzhmMGMtYmQ3NS00NGJhLWIyN2UtZDdjZjY2NGNhZjk5IiwidCI6ImNhNmFmZmQ2LTczN2QtNGUyMS1iZTBjLTgzNzA1ZDFhZDg5OCIsImMiOjR9&pageName=0ea72427c75ec702036c,"Demora en la entrega de información por parte de las carteras de Estado, para la correspondiente consolidación."
2026,2026-07,coordinar-sesiones-comite-intersectorial-prevencion,,"De enero a julio 2026 se ha convocado a 2 Comité Intersectorial para la Prevención y Reducción de la Desnutrición Infantil

Convocatorias:
- Nro. MDH-DM-2026-0458-O de 25 de junio de 2026
- Nro. MDH-VER-2026-0046-O de 22 de julio de 2026.

Enlace verificable: 
https://drive.google.com/drive/folders/1-rTZevcXqP3RdQnupS2XgYmh8Q9fMlHD?usp=sharing",https://drive.google.com/drive/folders/1-rTZevcXqP3RdQnupS2XgYmh8Q9fMlHD?usp=sharing,Falta de regularidad y priorización en las sesiones del Comité por parte de los miembros integrantes.
2026,2026-07,coordinar-sesiones-subcomite-tecnico-comite,,"Se realizaron dos sesiones de Subcomité del Plan Estratégico Intersectorial para la Prevención y Reducción de la Desnutrición Crónica Infantil 2025-2030.

Ene - Jul
1. Acta Nro. MDH-STIPR-DCI-2026-001 de 26 de febrero 2026.
2. Acta Nro. MDH-STIPR-DCI-2026-002 de 19 de mayo de 2026

Enlace verificable: 
https://drive.google.com/drive/folders/1-rTZevcXqP3RdQnupS2XgYmh8Q9fMlHD?usp=sharing",https://drive.google.com/drive/folders/1-rTZevcXqP3RdQnupS2XgYmh8Q9fMlHD?usp=sharing,"Ausencia de responsables designados para el cumplimiento de los compromisos. Limitada capacidad operativa, técnica o presupuestaria de las instituciones integrantes."
2026,2026-07,ejecutar-consejerias-familiares-paquete-priorizado,,"Con Circular Nro. MDH-SDII-2026-0007-C, al Subsecretaría de Desarrollo Infantil Integral, emitió los lineamientos para la Aplicación de los Indicadores de Desarrollo Infantil Integral (IDII) abril 2026, con el objetivo de identificar los avances en el desarrollo infantil según la edad de cada niña y niño, lo que implica que las educadoras familiares CDI y CNH, cumplan con lo dispuesto y ejecuten consejerías familiares a gestantes y familias de niñas y niños hasta los 3 años

Enlace verificable: 
https://drive.google.com/file/d/1OIpTAzRpxeTVe2_4KqDR2B6loSI3TRUB/view?usp=sharing",https://drive.google.com/file/d/1OIpTAzRpxeTVe2_4KqDR2B6loSI3TRUB/view?usp=sharing,"Con Circular Nro. MDH-SDII-2026-0007-C, al Subsecretaría de Desarrollo Infantil Integral, emitió los lineamientos para la Aplicación de los Indicadores de Desarrollo Infantil Integral (IDII) abril 2026, con el objetivo de identificar los avances en el desarrollo infantil según la edad de cada niña y niño, lo que implica que las educadoras familiares CDI y CNH, cumplan con lo dispuesto y ejecuten consejerías familiares a gestantes y familias de niñas y niños a los que ya se le haya aplicado los IDII."
2026,2026-07,acceso-servicios-atencion-gerontologica,,"En el mes de julio 2026, se ha brindado servicios de atención gerontológica a 82.508 usuarios

Enlace Verificable:  https://info.desarrollohumano.gob.ec/index.php/usuarios-y-unidades-de-inclusion-social/usuarios-externos-is/2026-externos-is",https://info.desarrollohumano.gob.ec/index.php/usuarios-y-unidades-de-inclusion-social/usuarios-externos-is/2026-externos-is,Brecha presupuestaria para cubrir los convenios hasta diciembre del año 2026 de las 11 EODs en gasto de inversión.
2026,2026-07,gestionar-provision-servicios-gerontologicos-directos,,"En el mes de julio 2026, se ha brindado la provisión de servicios gerontológicos no médicos mediante atención directa a 30.989 personas adultas mayores en situación de vulnerabilidad

Enlace Verificable:  https://info.desarrollohumano.gob.ec/index.php/usuarios-y-unidades-de-inclusion-social/usuarios-externos-is/2026-externos-is",https://info.desarrollohumano.gob.ec/index.php/usuarios-y-unidades-de-inclusion-social/usuarios-externos-is/2026-externos-is,Ninguna
2026,2026-07,coordinar-provision-servicios-gerontologicos-no,,"Al ser un indicador que se reporta de manera anual, se identifcia que en el mes de julio 2026, se continúan ejecutando acciones de coordinación con IESS e ISSFA para consumir la información de coberturas PAM, por lo tanto se mantiene el avance reportado en el anterior periodo

Enlace Verificable: 
https://drive.google.com/file/d/1oXuoCDSqThXNpZ6zKGrBpzC7dGFYYV9d/view?usp=sharing",https://drive.google.com/file/d/1oXuoCDSqThXNpZ6zKGrBpzC7dGFYYV9d/view?usp=sharing,Ninguna
