accion_id,componente,tipo_meta,periodo,meta_mes
entregar-credito-desarrollo-humano-usuarios,,flujo,2026-01,5000
entregar-credito-desarrollo-humano-usuarios,,flujo,2026-02,5000
entregar-credito-desarrollo-humano-usuarios,,flujo,2026-03,5000
entregar-credito-desarrollo-humano-usuarios,,flujo,2026-04,5000
entregar-credito-desarrollo-humano-usuarios,,flujo,2026-05,5000
entregar-credito-desarrollo-humano-usuarios,,flujo,2026-06,5000
entregar-credito-desarrollo-humano-usuarios,,flujo,2026-07,5000
entregar-credito-desarrollo-humano-usuarios,,flujo,2026-08,5000
entregar-credito-desarrollo-humano-usuarios,,flujo,2026-09,5000
entregar-credito-desarrollo-humano-usuarios,,flujo,2026-10,5000
entregar-credito-desarrollo-humano-usuarios,,flujo,2026-11,5000
entregar-credito-desarrollo-humano-usuarios,,flujo,2026-12,5000
desarrollar-capacidades-usuarios-buscan-acceder,,flujo,2026-01,5480
desarrollar-capacidades-usuarios-buscan-acceder,,flujo,2026-02,5480
desarrollar-capacidades-usuarios-buscan-acceder,,flujo,2026-03,5480
desarrollar-capacidades-usuarios-buscan-acceder,,flujo,2026-04,5480
desarrollar-capacidades-usuarios-buscan-acceder,,flujo,2026-05,5480
desarrollar-capacidades-usuarios-buscan-acceder,,flujo,2026-06,5480
desarrollar-capacidades-usuarios-buscan-acceder,,flujo,2026-07,5480
desarrollar-capacidades-usuarios-buscan-acceder,,flujo,2026-08,5480
desarrollar-capacidades-usuarios-buscan-acceder,,flujo,2026-09,5480
desarrollar-capacidades-usuarios-buscan-acceder,,flujo,2026-10,5480
desarrollar-capacidades-usuarios-buscan-acceder,,flujo,2026-11,5480
desarrollar-capacidades-usuarios-buscan-acceder,,flujo,2026-12,5500
ejecutar-practicas-sistema-nacional-comercializacion,,flujo,2026-01,500
ejecutar-practicas-sistema-nacional-comercializacion,,flujo,2026-02,500
ejecutar-practicas-sistema-nacional-comercializacion,,flujo,2026-03,500
ejecutar-practicas-sistema-nacional-comercializacion,,flujo,2026-04,500
ejecutar-practicas-sistema-nacional-comercializacion,,flujo,2026-05,500
ejecutar-practicas-sistema-nacional-comercializacion,,flujo,2026-06,500
ejecutar-practicas-sistema-nacional-comercializacion,,flujo,2026-07,500
ejecutar-practicas-sistema-nacional-comercializacion,,flujo,2026-08,500
ejecutar-practicas-sistema-nacional-comercializacion,,flujo,2026-09,500
ejecutar-practicas-sistema-nacional-comercializacion,,flujo,2026-10,500
ejecutar-practicas-sistema-nacional-comercializacion,,flujo,2026-11,500
ejecutar-practicas-sistema-nacional-comercializacion,,flujo,2026-12,500
desarrollar-capacidades-blandas-jovenes-18,,flujo,2026-02,13
desarrollar-capacidades-blandas-jovenes-18,,flujo,2026-04,17
desarrollar-capacidades-blandas-jovenes-18,,flujo,2026-06,16
desarrollar-capacidades-blandas-jovenes-18,,flujo,2026-07,22
desarrollar-capacidades-blandas-jovenes-18,,flujo,2026-08,20
desarrollar-capacidades-blandas-jovenes-18,,flujo,2026-09,13
desarrollar-capacidades-blandas-jovenes-18,,flujo,2026-10,33
desarrollar-capacidades-blandas-jovenes-18,,flujo,2026-11,31
desarrollar-capacidades-blandas-jovenes-18,,flujo,2026-12,31
fortalecer-capacidades-empleabilidad-formativas-jovenes,,flujo,2026-01,1333
fortalecer-capacidades-empleabilidad-formativas-jovenes,,flujo,2026-02,1333
fortalecer-capacidades-empleabilidad-formativas-jovenes,,flujo,2026-03,1333
fortalecer-capacidades-empleabilidad-formativas-jovenes,,flujo,2026-04,1333
fortalecer-capacidades-empleabilidad-formativas-jovenes,,flujo,2026-05,1333
fortalecer-capacidades-empleabilidad-formativas-jovenes,,flujo,2026-06,1333
fortalecer-capacidades-empleabilidad-formativas-jovenes,,flujo,2026-07,1333
fortalecer-capacidades-empleabilidad-formativas-jovenes,,flujo,2026-08,1333
fortalecer-capacidades-empleabilidad-formativas-jovenes,,flujo,2026-09,1333
fortalecer-capacidades-empleabilidad-formativas-jovenes,,flujo,2026-10,1333
fortalecer-capacidades-empleabilidad-formativas-jovenes,,flujo,2026-11,1333
fortalecer-capacidades-empleabilidad-formativas-jovenes,,flujo,2026-12,1337
promover-talleres-habilidades-blandas-ciudadanos,,flujo,2026-01,978
promover-talleres-habilidades-blandas-ciudadanos,,flujo,2026-02,978
promover-talleres-habilidades-blandas-ciudadanos,,flujo,2026-03,978
promover-talleres-habilidades-blandas-ciudadanos,,flujo,2026-04,978
promover-talleres-habilidades-blandas-ciudadanos,,flujo,2026-05,978
promover-talleres-habilidades-blandas-ciudadanos,,flujo,2026-06,978
promover-talleres-habilidades-blandas-ciudadanos,,flujo,2026-07,978
promover-talleres-habilidades-blandas-ciudadanos,,flujo,2026-08,978
promover-talleres-habilidades-blandas-ciudadanos,,flujo,2026-09,979
promover-talleres-habilidades-blandas-ciudadanos,,flujo,2026-10,979
promover-talleres-habilidades-blandas-ciudadanos,,flujo,2026-11,978
promover-talleres-habilidades-blandas-ciudadanos,,flujo,2026-12,978
capacitar-ciudadanos-traves-cursos-gestionados,,flujo,2026-01,2147
capacitar-ciudadanos-traves-cursos-gestionados,,flujo,2026-02,2147
capacitar-ciudadanos-traves-cursos-gestionados,,flujo,2026-03,2148
capacitar-ciudadanos-traves-cursos-gestionados,,flujo,2026-04,2147
capacitar-ciudadanos-traves-cursos-gestionados,,flujo,2026-05,2147
capacitar-ciudadanos-traves-cursos-gestionados,,flujo,2026-06,2147
capacitar-ciudadanos-traves-cursos-gestionados,,flujo,2026-07,2147
capacitar-ciudadanos-traves-cursos-gestionados,,flujo,2026-08,2148
capacitar-ciudadanos-traves-cursos-gestionados,,flujo,2026-09,2147
capacitar-ciudadanos-traves-cursos-gestionados,,flujo,2026-10,2147
capacitar-ciudadanos-traves-cursos-gestionados,,flujo,2026-11,2147
capacitar-ciudadanos-traves-cursos-gestionados,,flujo,2026-12,2147
colocar-laboralmente-ciudadanos-traves-ofertas,,flujo,2026-01,2970
colocar-laboralmente-ciudadanos-traves-ofertas,,flujo,2026-02,2971
colocar-laboralmente-ciudadanos-traves-ofertas,,flujo,2026-03,2971
colocar-laboralmente-ciudadanos-traves-ofertas,,flujo,2026-04,2970
colocar-laboralmente-ciudadanos-traves-ofertas,,flujo,2026-05,2971
colocar-laboralmente-ciudadanos-traves-ofertas,,flujo,2026-06,2971
colocar-laboralmente-ciudadanos-traves-ofertas,,flujo,2026-07,2970
colocar-laboralmente-ciudadanos-traves-ofertas,,flujo,2026-08,2971
colocar-laboralmente-ciudadanos-traves-ofertas,,flujo,2026-09,2971
colocar-laboralmente-ciudadanos-traves-ofertas,,flujo,2026-10,2970
colocar-laboralmente-ciudadanos-traves-ofertas,,flujo,2026-11,2971
colocar-laboralmente-ciudadanos-traves-ofertas,,flujo,2026-12,2971
sensibilizar-sobre-prevencion-trabajo-infantil,,flujo,2026-01,14
sensibilizar-sobre-prevencion-trabajo-infantil,,flujo,2026-02,15
sensibilizar-sobre-prevencion-trabajo-infantil,,flujo,2026-03,15
sensibilizar-sobre-prevencion-trabajo-infantil,,flujo,2026-04,15
sensibilizar-sobre-prevencion-trabajo-infantil,,flujo,2026-05,15
sensibilizar-sobre-prevencion-trabajo-infantil,,flujo,2026-06,15
sensibilizar-sobre-prevencion-trabajo-infantil,,flujo,2026-07,14
sensibilizar-sobre-prevencion-trabajo-infantil,,flujo,2026-08,15
sensibilizar-sobre-prevencion-trabajo-infantil,,flujo,2026-09,15
sensibilizar-sobre-prevencion-trabajo-infantil,,flujo,2026-10,15
sensibilizar-sobre-prevencion-trabajo-infantil,,flujo,2026-11,15
sensibilizar-sobre-prevencion-trabajo-infantil,,flujo,2026-12,14
ejecutar-inspecciones-identificacion-ninas-ninos,,flujo,2026-01,52
ejecutar-inspecciones-identificacion-ninas-ninos,,flujo,2026-02,52
ejecutar-inspecciones-identificacion-ninas-ninos,,flujo,2026-03,52
ejecutar-inspecciones-identificacion-ninas-ninos,,flujo,2026-04,52
ejecutar-inspecciones-identificacion-ninas-ninos,,flujo,2026-05,52
ejecutar-inspecciones-identificacion-ninas-ninos,,flujo,2026-06,52
ejecutar-inspecciones-identificacion-ninas-ninos,,flujo,2026-07,51
ejecutar-inspecciones-identificacion-ninas-ninos,,flujo,2026-08,52
ejecutar-inspecciones-identificacion-ninas-ninos,,flujo,2026-09,52
ejecutar-inspecciones-identificacion-ninas-ninos,,flujo,2026-10,52
ejecutar-inspecciones-identificacion-ninas-ninos,,flujo,2026-11,52
ejecutar-inspecciones-identificacion-ninas-ninos,,flujo,2026-12,52
ejecutar-inspecciones-trabajo-verificar-cumplimiento,,flujo,2026-01,1011
ejecutar-inspecciones-trabajo-verificar-cumplimiento,,flujo,2026-02,1010
ejecutar-inspecciones-trabajo-verificar-cumplimiento,,flujo,2026-03,1011
ejecutar-inspecciones-trabajo-verificar-cumplimiento,,flujo,2026-04,1010
ejecutar-inspecciones-trabajo-verificar-cumplimiento,,flujo,2026-05,1011
ejecutar-inspecciones-trabajo-verificar-cumplimiento,,flujo,2026-06,1010
ejecutar-inspecciones-trabajo-verificar-cumplimiento,,flujo,2026-07,1011
ejecutar-inspecciones-trabajo-verificar-cumplimiento,,flujo,2026-08,1011
ejecutar-inspecciones-trabajo-verificar-cumplimiento,,flujo,2026-09,1010
ejecutar-inspecciones-trabajo-verificar-cumplimiento,,flujo,2026-10,1011
ejecutar-inspecciones-trabajo-verificar-cumplimiento,,flujo,2026-11,1010
ejecutar-inspecciones-trabajo-verificar-cumplimiento,,flujo,2026-12,1011
atender-ninas-ninos-1-3,,cobertura,2026-01,81980
atender-ninas-ninos-1-3,,cobertura,2026-02,81980
atender-ninas-ninos-1-3,,cobertura,2026-03,81980
atender-ninas-ninos-1-3,,cobertura,2026-04,81980
atender-ninas-ninos-1-3,,cobertura,2026-05,81980
atender-ninas-ninos-1-3,,cobertura,2026-06,81980
atender-ninas-ninos-1-3,,cobertura,2026-07,81980
atender-ninas-ninos-1-3,,cobertura,2026-08,81980
atender-ninas-ninos-1-3,,cobertura,2026-09,81980
atender-ninas-ninos-1-3,,cobertura,2026-10,81980
atender-ninas-ninos-1-3,,cobertura,2026-11,81980
atender-ninas-ninos-1-3,,cobertura,2026-12,81980
atender-ninas-ninos-desde-gestacion,,cobertura,2026-01,198275
atender-ninas-ninos-desde-gestacion,,cobertura,2026-02,198275
atender-ninas-ninos-desde-gestacion,,cobertura,2026-03,198275
atender-ninas-ninos-desde-gestacion,,cobertura,2026-04,198275
atender-ninas-ninos-desde-gestacion,,cobertura,2026-05,198275
atender-ninas-ninos-desde-gestacion,,cobertura,2026-06,198275
atender-ninas-ninos-desde-gestacion,,cobertura,2026-07,198275
atender-ninas-ninos-desde-gestacion,,cobertura,2026-08,198275
atender-ninas-ninos-desde-gestacion,,cobertura,2026-09,198275
atender-ninas-ninos-desde-gestacion,,cobertura,2026-10,198275
atender-ninas-ninos-desde-gestacion,,cobertura,2026-11,198275
atender-ninas-ninos-desde-gestacion,,cobertura,2026-12,198275
proporcionar-servicios-proteccion-social-personas,,cobertura,2026-01,116260
proporcionar-servicios-proteccion-social-personas,,cobertura,2026-02,116260
proporcionar-servicios-proteccion-social-personas,,cobertura,2026-03,116260
proporcionar-servicios-proteccion-social-personas,,cobertura,2026-04,116260
proporcionar-servicios-proteccion-social-personas,,cobertura,2026-05,116260
proporcionar-servicios-proteccion-social-personas,,cobertura,2026-06,116260
proporcionar-servicios-proteccion-social-personas,,cobertura,2026-07,116260
proporcionar-servicios-proteccion-social-personas,,cobertura,2026-08,116260
proporcionar-servicios-proteccion-social-personas,,cobertura,2026-09,116260
proporcionar-servicios-proteccion-social-personas,,cobertura,2026-10,116260
proporcionar-servicios-proteccion-social-personas,,cobertura,2026-11,116260
proporcionar-servicios-proteccion-social-personas,,cobertura,2026-12,116260
proporcionar-servicios-proteccion-social-jovenes,inversion,flujo,2026-01,1333
proporcionar-servicios-proteccion-social-jovenes,inversion,flujo,2026-02,1333
proporcionar-servicios-proteccion-social-jovenes,inversion,flujo,2026-03,1333
proporcionar-servicios-proteccion-social-jovenes,inversion,flujo,2026-04,1333
proporcionar-servicios-proteccion-social-jovenes,inversion,flujo,2026-05,1333
proporcionar-servicios-proteccion-social-jovenes,inversion,flujo,2026-06,1333
proporcionar-servicios-proteccion-social-jovenes,inversion,flujo,2026-07,1333
proporcionar-servicios-proteccion-social-jovenes,inversion,flujo,2026-08,1333
proporcionar-servicios-proteccion-social-jovenes,inversion,flujo,2026-09,1333
proporcionar-servicios-proteccion-social-jovenes,inversion,flujo,2026-10,1333
proporcionar-servicios-proteccion-social-jovenes,inversion,flujo,2026-11,1333
proporcionar-servicios-proteccion-social-jovenes,inversion,flujo,2026-12,1337
proporcionar-servicios-proteccion-social-jovenes,corriente,anual,2026-12,10745
incrementar-eficiencia-prestacion-servicios-personas,,flujo,2026-01,8
incrementar-eficiencia-prestacion-servicios-personas,,flujo,2026-02,31
incrementar-eficiencia-prestacion-servicios-personas,,flujo,2026-03,37
incrementar-eficiencia-prestacion-servicios-personas,,flujo,2026-04,35
incrementar-eficiencia-prestacion-servicios-personas,,flujo,2026-05,35
incrementar-eficiencia-prestacion-servicios-personas,,flujo,2026-06,36
incrementar-eficiencia-prestacion-servicios-personas,,flujo,2026-07,30
incrementar-eficiencia-prestacion-servicios-personas,,flujo,2026-08,40
incrementar-eficiencia-prestacion-servicios-personas,,flujo,2026-09,37
incrementar-eficiencia-prestacion-servicios-personas,,flujo,2026-10,36
incrementar-eficiencia-prestacion-servicios-personas,,flujo,2026-11,31
incrementar-eficiencia-prestacion-servicios-personas,,flujo,2026-12,8
efectuar-seguimiento-desarrollo-habilidades-os,,semestral,2026-06,3261
efectuar-seguimiento-desarrollo-habilidades-os,,semestral,2026-12,32084
incluir-5-000-nuevos-beneficiarios,,flujo,2026-01,534
incluir-5-000-nuevos-beneficiarios,,flujo,2026-02,381
incluir-5-000-nuevos-beneficiarios,,flujo,2026-03,462
incluir-5-000-nuevos-beneficiarios,,flujo,2026-04,306
incluir-5-000-nuevos-beneficiarios,,flujo,2026-05,326
incluir-5-000-nuevos-beneficiarios,,flujo,2026-06,427
incluir-5-000-nuevos-beneficiarios,,flujo,2026-07,427
incluir-5-000-nuevos-beneficiarios,,flujo,2026-08,427
incluir-5-000-nuevos-beneficiarios,,flujo,2026-09,427
incluir-5-000-nuevos-beneficiarios,,flujo,2026-10,427
incluir-5-000-nuevos-beneficiarios,,flujo,2026-11,427
incluir-5-000-nuevos-beneficiarios,,flujo,2026-12,428
elaborar-plan-nacional-primera-infancia,,hito,2026-07,100
implementar-modelo-gestion-territorial-mecanismo,,trimestral,2026-03,1332
implementar-modelo-gestion-territorial-mecanismo,,trimestral,2026-06,888
implementar-modelo-gestion-territorial-mecanismo,,trimestral,2026-09,888
implementar-modelo-gestion-territorial-mecanismo,,trimestral,2026-12,888
incrementar-participacion-activa-actores-locales,,trimestral,2026-03,3183
incrementar-participacion-activa-actores-locales,,trimestral,2026-06,5661
incrementar-participacion-activa-actores-locales,,trimestral,2026-09,7566
incrementar-participacion-activa-actores-locales,,trimestral,2026-12,7566
realizar-seguimiento-monitoreo-plan-estrategico,,hito,2026-12,100
coordinar-sesiones-comite-intersectorial-prevencion,,anual,2026-12,4
coordinar-sesiones-subcomite-tecnico-comite,,anual,2026-12,4
ejecutar-consejerias-familiares-paquete-priorizado,,cobertura,2026-01,265000
ejecutar-consejerias-familiares-paquete-priorizado,,cobertura,2026-02,265000
ejecutar-consejerias-familiares-paquete-priorizado,,cobertura,2026-03,265000
ejecutar-consejerias-familiares-paquete-priorizado,,cobertura,2026-04,265000
ejecutar-consejerias-familiares-paquete-priorizado,,cobertura,2026-05,265000
ejecutar-consejerias-familiares-paquete-priorizado,,cobertura,2026-06,265000
ejecutar-consejerias-familiares-paquete-priorizado,,cobertura,2026-07,265000
ejecutar-consejerias-familiares-paquete-priorizado,,cobertura,2026-08,265000
ejecutar-consejerias-familiares-paquete-priorizado,,cobertura,2026-09,265000
ejecutar-consejerias-familiares-paquete-priorizado,,cobertura,2026-10,265000
ejecutar-consejerias-familiares-paquete-priorizado,,cobertura,2026-11,265000
ejecutar-consejerias-familiares-paquete-priorizado,,cobertura,2026-12,265000
acceso-servicios-atencion-gerontologica,,cobertura,2026-01,85029
acceso-servicios-atencion-gerontologica,,cobertura,2026-02,85029
acceso-servicios-atencion-gerontologica,,cobertura,2026-03,85029
acceso-servicios-atencion-gerontologica,,cobertura,2026-04,85029
acceso-servicios-atencion-gerontologica,,cobertura,2026-05,85029
acceso-servicios-atencion-gerontologica,,cobertura,2026-06,85029
acceso-servicios-atencion-gerontologica,,cobertura,2026-07,85029
acceso-servicios-atencion-gerontologica,,cobertura,2026-08,85029
acceso-servicios-atencion-gerontologica,,cobertura,2026-09,85029
acceso-servicios-atencion-gerontologica,,cobertura,2026-10,85029
acceso-servicios-atencion-gerontologica,,cobertura,2026-11,85029
acceso-servicios-atencion-gerontologica,,cobertura,2026-12,85029
gestionar-provision-servicios-gerontologicos-directos,,cobertura,2026-01,31231
gestionar-provision-servicios-gerontologicos-directos,,cobertura,2026-02,31231
gestionar-provision-servicios-gerontologicos-directos,,cobertura,2026-03,31231
gestionar-provision-servicios-gerontologicos-directos,,cobertura,2026-04,31231
gestionar-provision-servicios-gerontologicos-directos,,cobertura,2026-05,31231
gestionar-provision-servicios-gerontologicos-directos,,cobertura,2026-06,31231
gestionar-provision-servicios-gerontologicos-directos,,cobertura,2026-07,31231
gestionar-provision-servicios-gerontologicos-directos,,cobertura,2026-08,31231
gestionar-provision-servicios-gerontologicos-directos,,cobertura,2026-09,31231
gestionar-provision-servicios-gerontologicos-directos,,cobertura,2026-10,31231
gestionar-provision-servicios-gerontologicos-directos,,cobertura,2026-11,31231
gestionar-provision-servicios-gerontologicos-directos,,cobertura,2026-12,31231
coordinar-provision-servicios-gerontologicos-no,,hito,2026-12,100
