anio,periodo,accion_id,componente,resultado,unidad_resultado,tipo_meta,meta_anual,meta_a_la_fecha,avance_anual_pct,cumplimiento_fecha_pct,avance_reportado_pct,estado,corte_reportado,corr_codificado,corr_reprogramado,corr_devengado,inv_codificado,inv_reprogramado,inv_devengado,presupuesto_vigente,presupuesto_devengado,ejecucion_presupuestaria_pct,fichas_fuente,validacion,fecha_carga
2026,2026-07,entregar-credito-desarrollo-humano-usuarios,,35634,,flujo,60000,35000,59.39,101.81,50.92,En ejecución,2026-07,63360000,,37829355,,,,63360000,37829355,59.71,1. Eje Social-Meta 1.1.2 PM julio-agosto 2026.xlsx | 5. Ficha_Tasa pobreza extrema por ingresos_julio_2026.xlsx,E2;E3,2026-09-26 22:34
2026,2026-07,desarrollar-capacidades-usuarios-buscan-acceder,,42054,,flujo,65780,38360,63.93,109.63,63.93,En ejecución,2026-07,,,,,,,,,,1. Eje Social-Meta 1.1.2 PM julio-agosto 2026.xlsx | 5. Ficha_Tasa pobreza extrema por ingresos_julio_2026.xlsx,E2,2026-09-26 22:34
2026,2026-07,ejecutar-practicas-sistema-nacional-comercializacion,,3563,,flujo,6000,3500,59.38,101.8,59.38,En ejecución,2026-07,,,,,,,,,,1. Eje Social-Meta 1.1.2 PM julio-agosto 2026.xlsx | 5. Ficha_Tasa pobreza extrema por ingresos_julio_2026.xlsx,,2026-09-26 22:34
2026,2026-07,desarrollar-capacidades-blandas-jovenes-18,,982,,flujo,196,68,501.02,1444.12,501.02,En ejecución,2026-07,,,,,,,,,,1. Eje Social-Meta 1.1.2 PM julio-agosto 2026.xlsx | 5. Ficha_Tasa pobreza extrema por ingresos_julio_2026.xlsx,A2,2026-09-26 22:34
2026,2026-07,fortalecer-capacidades-empleabilidad-formativas-jovenes,,10963,,flujo,16000,9331,68.52,117.49,68.52,En ejecución,2026-07,0,,,945124.91,1000000,108195.45,1000000,108195.45,10.82,1. Eje Social-Meta 1.1.2 PM julio-agosto 2026.xlsx | 5. Ficha_Tasa pobreza extrema por ingresos_julio_2026.xlsx,,2026-09-26 22:34
2026,2026-07,promover-talleres-habilidades-blandas-ciudadanos,,14453,,flujo,11738,7824,123.13,184.73,123.13,En ejecución,2026-08,,0,0,,0,0,,,,1. Eje Social-Meta 1.1.2 PM julio-agosto 2026.xlsx,A1;A2,2026-09-26 22:34
2026,2026-07,capacitar-ciudadanos-traves-cursos-gestionados,,17420,,flujo,25766,17178,67.61,101.41,67.61,En ejecución,2026-08,,0,0,,0,0,,,,1. Eje Social-Meta 1.1.2 PM julio-agosto 2026.xlsx,A1,2026-09-26 22:34
2026,2026-07,colocar-laboralmente-ciudadanos-traves-ofertas,,24480,,flujo,35648,23765,68.67,103.01,68.67,En ejecución,2026-08,,0,0,,0,0,,,,1. Eje Social-Meta 1.1.2 PM julio-agosto 2026.xlsx,A1,2026-09-26 22:34
2026,2026-07,sensibilizar-sobre-prevencion-trabajo-infantil,,141,,flujo,177,118,79.66,119.49,79.66,En ejecución,2026-08,,0,0,,0,0,,,,1. Eje Social-Meta 1.1.2 PM julio-agosto 2026.xlsx,A1,2026-09-26 22:34
2026,2026-07,ejecutar-inspecciones-identificacion-ninas-ninos,,457,,flujo,623,415,73.35,110.12,73.35,En ejecución,2026-08,,0,0,,0,0,,,,1. Eje Social-Meta 1.1.2 PM julio-agosto 2026.xlsx,A1,2026-09-26 22:34
2026,2026-07,ejecutar-inspecciones-trabajo-verificar-cumplimiento,,9346,,flujo,12127,8085,77.07,115.6,77.07,En ejecución,2026-08,,0,0,,0,0,,,,1. Eje Social-Meta 1.1.2 PM julio-agosto 2026.xlsx,A1,2026-09-26 22:34
2026,2026-07,atender-ninas-ninos-1-3,,79537,,cobertura,81980,81980,97.02,97.02,97.02,En ejecución,2026-07,180486762.87,167607800.96,81285096.01,,,,167607800.96,81285096.01,48.5,4. Ficha_Servicios primera infancia_julio_2026.xlsx | 6. Ficha_Usuarios de los servicios_julio_2026.xlsx,,2026-09-26 22:34
2026,2026-07,atender-ninas-ninos-desde-gestacion,,186794,,cobertura,198275,198275,94.21,94.21,94.21,En ejecución,2026-06,42589240.58,38835218.85,17268234.65,15239415.62,19285272,10387482.25,58120490.85,27655716.9,47.58,4. Ficha_Servicios primera infancia_julio_2026.xlsx | 6. Ficha_Usuarios de los servicios_julio_2026.xlsx,A1,2026-09-26 22:34
2026,2026-07,proporcionar-servicios-proteccion-social-personas,,113497,,cobertura,116260,116260,97.62,97.62,97.62,En ejecución,,0,44271277.91,23963760.74,0,17407000,8352256.17,61678277.91,32316016.91,52.39,6. Ficha_Usuarios de los servicios_julio_2026.xlsx,E4,2026-09-26 22:34
2026,2026-07,proporcionar-servicios-proteccion-social-jovenes,corriente,7918,,anual,10745,,73.69,,73.69,En ejecución,2026-07,,,,,,,,,,6. Ficha_Usuarios de los servicios_julio_2026.xlsx,,2026-09-26 22:34
2026,2026-07,proporcionar-servicios-proteccion-social-jovenes,inversion,10963,,flujo,16000,9331,68.52,117.49,69,En ejecución,2026-07,318410.73,319010.73,152294.86,945124.91,1000000,108195.45,1319010.73,260490.31,19.75,6. Ficha_Usuarios de los servicios_julio_2026.xlsx,,2026-09-26 22:34
2026,2026-07,incrementar-eficiencia-prestacion-servicios-personas,,213,,flujo,364,182,58.52,117.03,58.52,En ejecución,2026-06,4000,8000,3460.78,27000,0,1718.97,35000,5179.75,14.8,6. Ficha_Usuarios de los servicios_julio_2026.xlsx,A1,2026-09-26 22:34
2026,2026-07,efectuar-seguimiento-desarrollo-habilidades-os,,3799,,semestral,35345,3261,10.75,116.5,116.5,En ejecución,2026-06,,,,,,,,,,6. Ficha_Usuarios de los servicios_julio_2026.xlsx,A1;I3,2026-09-26 22:34
2026,2026-07,incluir-5-000-nuevos-beneficiarios,,2840,,flujo,4999,2863,56.81,99.2,56.8,En ejecución,2026-07,8400000,,2806320,,,,8400000,2806320,33.41,6. Ficha_Usuarios de los servicios_julio_2026.xlsx,,2026-09-26 22:34
2026,2026-07,elaborar-plan-nacional-primera-infancia,,80,%,hito,100,100,80,80,80,En ejecución,,0,,,0,,,,,,4. Ficha_Servicios primera infancia_julio_2026.xlsx,,2026-09-26 22:34
2026,2026-07,implementar-modelo-gestion-territorial-mecanismo,,2442,,trimestral,3996,2220,61.11,110,18.34,En ejecución,2026-07,0,,,1727933.29,,909334.94,1727933.29,909334.94,52.63,2. Ficha 1.2.2 Prevalencia DCI_julio_2026.xlsx | 4. Ficha_Servicios primera infancia_julio_2026.xlsx,E3,2026-09-26 22:34
2026,2026-07,incrementar-participacion-activa-actores-locales,,13976,,trimestral,23976,8844,58.29,158.03,17.48,En ejecución,2026-07,0,,,1266693.57,,159876.04,1266693.57,159876.04,12.62,2. Ficha 1.2.2 Prevalencia DCI_julio_2026.xlsx | 4. Ficha_Servicios primera infancia_julio_2026.xlsx,E3,2026-09-26 22:34
2026,2026-07,realizar-seguimiento-monitoreo-plan-estrategico,,70,%,hito,100,,70,,50,En ejecución,,,,,,,,,,,2. Ficha 1.2.2 Prevalencia DCI_julio_2026.xlsx,E3,2026-09-26 22:34
2026,2026-07,coordinar-sesiones-comite-intersectorial-prevencion,,2,,anual,4,,50,,50,En ejecución,2026-07,,,,,,,,,,2. Ficha 1.2.2 Prevalencia DCI_julio_2026.xlsx,,2026-09-26 22:34
2026,2026-07,coordinar-sesiones-subcomite-tecnico-comite,,2,,anual,4,,50,,50,En ejecución,,,,,,,,,,,2. Ficha 1.2.2 Prevalencia DCI_julio_2026.xlsx,,2026-09-26 22:34
2026,2026-07,ejecutar-consejerias-familiares-paquete-priorizado,,243310,,cobertura,265000,265000,91.82,91.82,91.82,En ejecución,,,,,,,,,,,2. Ficha 1.2.2 Prevalencia DCI_julio_2026.xlsx,,2026-09-26 22:34
2026,2026-07,acceso-servicios-atencion-gerontologica,,82508,,cobertura,85029,85029,97.04,97.04,97.04,En ejecución,2026-07,35223275.89,40638193.21,22296111.93,5189342.28,6915939.91,2649870.61,47554133.12,24945982.54,52.46,3. Ficha_Servicios gerontol#U00f3gicos_julio_2026.xlsx,,2026-09-26 22:34
2026,2026-07,gestionar-provision-servicios-gerontologicos-directos,,30989,,cobertura,31231,31231,99.23,99.23,99.23,En ejecución,2026-07,3522019.97,3633084.7,1667648.81,9533528.16,10491060.09,5702385.56,14124144.79,7370034.37,52.18,3. Ficha_Servicios gerontol#U00f3gicos_julio_2026.xlsx,,2026-09-26 22:34
2026,2026-07,coordinar-provision-servicios-gerontologicos-no,,70,%,hito,100,,70,,70,En ejecución,2026-07,,,,,,,,,,3. Ficha_Servicios gerontol#U00f3gicos_julio_2026.xlsx,,2026-09-26 22:34
